category,asset_id,display_name,binary_result,review_band,body_plan,torso,head,eyes,legs_wings_appendages,rear_tail_flukes,signature_traits,global_body_template_risk,near_identical_silhouette_neighbors,assessment_and_required_fix,changed_since_previous_pass,filename,width,height,mode,sha256,exact_duplicate_with,overall_growth_form,roots_or_attachment,stem_trunk,leaves_fronds,flower_fruit_spore_harvest,scale_and_silhouette,fruiting_body_family,cap_body,stem_attachment_substrate,surface_spores_texture,cell_or_body_morphology,membrane_shell_wall,locomotion_structures,internal_structures,colony_or_scale_read,procedural_kind,body_or_growth_plan,head_sensory_region,limbs_wings_roots_appendages,rear_tail_or_terminal_region,material_skin_surface,trait_blend_coherence
fauna,Insect-Eating_Bat,Insect Eating Bat,FAIL,BLOCKER,FAIL,FAIL,FAIL,FAIL,FAIL,FAIL,FAIL,LOW,,"Wrong biological class: the portrait is an insect rather than a bat. Route to a mammalian bat rig with paired wings, ears, eyes, and hind limbs.",False,Insect-Eating_Bat.png,440,440,RGBA,99b65fa8142a5dda78df1cb452f4b9380bc116e8c4097a2bea40d2ecf08a744d,,,,,,,,,,,,,,,,,,,,,,,
fauna,Tardigrade,Tardigrade,FAIL,BLOCKER,FAIL,FAIL,FAIL,CHECK,FAIL,FAIL,FAIL,LOW,,Canonical ownership is duplicated between fauna and microbe libraries. Keep one authoritative animal record and render eight short legs with claws clearly.,True,Tardigrade.png,440,440,RGBA,bee9e87e9aaa8b1acdbe987037674ddbd20e827cdaeaecbeeb507b12d9bfdad1,,,,,,,,,,,,,,,,,,,,,,,
flora,Green_Algae,Green Algae,FAIL,BLOCKER,,,,,,,,,,Canonical ownership overlaps the microbe library. Define macroalgal versus microalgal records and use one authoritative ID per organism.,True,Green_Algae.png,440,440,RGBA,67c8f932802d71c1965925e4ed9efb9b8dbf43a29f3bcc4a6882c5df22fb2072,,FAIL,PASS,PASS,PASS,PASS,FAIL,,,,,,,,,,,,,,,,
flora,Reindeer_Lichen,Reindeer Lichen,FAIL,BLOCKER,,,,,,,,,,Canonical ownership overlaps the fungi library. Keep one authoritative fungus/lichen record and reference it from flora/ecology systems.,True,Reindeer_Lichen.png,440,440,RGBA,746b12ce7b155fd9ceed5ca774008ae99332f9992a40f3245571fbc3b7616352,,FAIL,PASS,FAIL,PASS,PASS,FAIL,,,,,,,,,,,,,,,,
flora,Snow_Algae,Snow Algae,FAIL,BLOCKER,,,,,,,,,,Canonical ownership overlaps the microbe library. Define the organism once and reference its surface-colony presentation.,True,Snow_Algae.png,440,440,RGBA,92454c1bd8f4b7001cb25b88886903d0778f13b28c723e84cc542389a5593acf,,FAIL,PASS,PASS,PASS,PASS,FAIL,,,,,,,,,,,,,,,,
fungi,Reindeer_Lichen,Reindeer Lichen,FAIL,BLOCKER,,,,,,,,,,"Visual branching lichen form is good, but canonical ownership duplicates the flora library.",True,Reindeer_Lichen.png,440,440,RGBA,215a932e0f3ed38325bd21bdb2598feb6fe0c433543dfd4b115f6244f24b2c4d,,,,,,,,FAIL,FAIL,FAIL,FAIL,,,,,,,,,,,,
microbe,Green_Algae,Green Algae,FAIL,BLOCKER,,,,,,,,,,Generic single green cell and duplicate flora ownership are unresolved; define microalgal species versus macroalga.,True,Green_Algae.png,440,440,RGBA,2109115590e158d378a04dc0a33bc5c46b6ff53f224963323236988159ef0ccd,,,,,,,,,,,,FAIL,FAIL,FAIL,FAIL,FAIL,,,,,,,
microbe,Snow_Algae,Snow Algae,FAIL,BLOCKER,,,,,,,,,,"Surface colony is shown, but canonical ownership duplicates the flora library.",True,Snow_Algae.png,440,440,RGBA,89db76c871752a545b25109a700432b5531033389c3b006407621d971ba43e00,,,,,,,,,,,,FAIL,FAIL,FAIL,FAIL,FAIL,,,,,,,
microbe,Tardigrade,Tardigrade,FAIL,BLOCKER,,,,,,,,,,Animal appears in both fauna and microbe libraries; keep one canonical record and make all eight legs/claws clearly visible.,True,Tardigrade.png,440,440,RGBA,98b177d8e72d6de08c69374fa6bec0dcafe0899ef9eb1cda4bfcb8bd6886d75e,,,,,,,,,,,,FAIL,FAIL,FAIL,FAIL,FAIL,,,,,,,
fauna,Aardvark,Aardvark,FAIL,FAIL,FAIL,FAIL,FAIL,PASS,FAIL,FAIL,FAIL,HIGH,,"Current body is a deer/rabbit-like quadruped. Add a long tubular snout, arched back, powerful digging forelimbs, large ears, and a thick tapering tail.",True,Aardvark.png,440,440,RGBA,def503f353511e828047c30463a5d7b425af325c0673b1af85872987d637246e,,,,,,,,,,,,,,,,,,,,,,,
fauna,African_Wild_Dog,African Wild Dog,FAIL,FAIL,FAIL,FAIL,FAIL,PASS,FAIL,FAIL,FAIL,HIGH,,"Current deer-like torso and legs do not read canine. Add a deep chest, dog paws, long muzzle, huge rounded ears, and white-tipped tail.",True,African_Wild_Dog.png,440,440,RGBA,d4e64ee2bd1b988182f416ee80fd238699c67e2c01fb4ebc34e4c81681139dc3,,,,,,,,,,,,,,,,,,,,,,,
fauna,Albatross,Albatross,FAIL,FAIL,FAIL,FAIL,FAIL,PASS,FAIL,FAIL,FAIL,HIGH,,"Current compact grounded bird does not show the defining long-winged oceanic body. Use an extremely long wingspan, long seabird bill, and flight/glide posture.",True,Albatross.png,440,440,RGBA,62d380f69641125b065b16acf138b069394afabe3c9de1bedd749c13d392e9b6,,,,,,,,,,,,,,,,,,,,,,,
fauna,Alligator,Alligator,FAIL,FAIL,FAIL,FAIL,FAIL,PASS,FAIL,FAIL,FAIL,HIGH,,"Current arrow-like body lacks a broad crocodilian torso, four legs, heavy head, and muscular tail.",False,Alligator.png,440,440,RGBA,7c078afddc082ea5c1aaf78967ba28e1328d86dfbe17eb4cc0090eb9fb6bea73,,,,,,,,,,,,,,,,,,,,,,,
fauna,Alpaca,Alpaca,FAIL,FAIL,FAIL,FAIL,FAIL,PASS,FAIL,FAIL,FAIL,HIGH,,"Body is too deer-like. Add dense fleece volume, shorter face, camelid feet, and separate it from llama through ear and head proportions.",True,Alpaca.png,440,440,RGBA,76238edbee977e9722c4080cee7018bc23504463fc75cf284325ca68faf52b2a,,,,,,,,,,,,,,,,,,,,,,,
fauna,Alpine_Salamander,Alpine Salamander,FAIL,FAIL,FAIL,FAIL,FAIL,PASS,FAIL,FAIL,FAIL,HIGH,,"Current body shows too few functional limbs and paddle-like lobes. Use four short salamander limbs, elongated torso, and tapering tail.",False,Alpine_Salamander.png,440,440,RGBA,de7c54054dd24fc10d99a46214a8ac373cb2442f1f1da445c8138e9a7c08d5fe,,,,,,,,,,,,,,,,,,,,,,,
fauna,Bactrian_Camel,Bactrian Camel,FAIL,FAIL,FAIL,FAIL,FAIL,PASS,FAIL,FAIL,FAIL,HIGH,,"Two humps are present, but the body is deer-like. Add a long camel head/neck, high chest, padded feet, and integrated humps.",True,Bactrian_Camel.png,440,440,RGBA,0a3ace8887a53ae19721584c21c625ac9df16adccf3c9e1a845fb49e5d95e902,,,,,,,,,,,,,,,,,,,,,,,
fauna,Beaked_Whale,Beaked Whale,FAIL,FAIL,FAIL,FAIL,FAIL,PASS,FAIL,FAIL,FAIL,LOW,,Add a clear beak/rostrum and a more elongated whale body.,True,Beaked_Whale.png,440,440,RGBA,fa0ec1dc3ec32ac9cea8fbe2b48571e7895a8d1c1eda49752cf6e947f7a1a2bc,,,,,,,,,,,,,,,,,,,,,,,
fauna,Bear,Bear,FAIL,FAIL,FAIL,FAIL,FAIL,PASS,FAIL,FAIL,FAIL,HIGH,,"Current long-legged/pig-like scaffold lacks ursid shoulder mass, plantigrade paws, bear muzzle, and rounded rear.",True,Bear.png,440,440,RGBA,aa3c46e57adb04da492bc206d4c27adbb15cc409795c67c4aaa447e068fc477a,,,,,,,,,,,,,,,,,,,,,,,
fauna,Bee,Bee,FAIL,FAIL,FAIL,FAIL,FAIL,PASS,FAIL,FAIL,FAIL,HIGH,,"Current bead-like insect lacks two wing pairs, thorax/abdomen separation, six legs, and bee body hair.",False,Bee.png,440,440,RGBA,0b0399d907a007fd9da89f0b4d7845346b107f201f6e4b3ded7cec12961f5bdc,,,,,,,,,,,,,,,,,,,,,,,
fauna,Black_Bear,Black Bear,FAIL,FAIL,FAIL,FAIL,FAIL,PASS,FAIL,FAIL,FAIL,HIGH,,"Current pig-like scaffold lacks ursid shoulders, paws, bear head, and readable dark-face contrast.",True,Black_Bear.png,440,440,RGBA,4bcef068d4e0a92ef15633ba6669943a12aecccab552539a04b8c11b0cd4a543,,,,,,,,,,,,,,,,,,,,,,,
fauna,Black_Fly,Black Fly,FAIL,FAIL,FAIL,FAIL,FAIL,FAIL,FAIL,FAIL,FAIL,HIGH,Aphid | Cicada | Cold-Adapted_Insect | Orchid_Bee | Termite | Thrips,"Current bead-like body lacks readable wings, thorax/abdomen separation, six legs, and fly head/eyes.",False,Black_Fly.png,440,440,RGBA,edf5151f6b49eca10e2e1e69a93e6882ed66c4779352d92a259ed35f6bef4ee3,,,,,,,,,,,,,,,,,,,,,,,
fauna,Bobcat,Bobcat,FAIL,FAIL,FAIL,FAIL,FAIL,PASS,FAIL,FAIL,FAIL,HIGH,,"Current ungulate-like body lacks feline shoulders, paws, skull, ear tufts, and short bobbed tail.",True,Bobcat.png,440,440,RGBA,3f48a1af929b7a9f5c9fbe9a5c074bd73ed512163b108a63a0e1348d919c9808,,,,,,,,,,,,,,,,,,,,,,,
fauna,Brown_Bear,Brown Bear,FAIL,FAIL,FAIL,FAIL,FAIL,PASS,FAIL,FAIL,FAIL,HIGH,,"Current long-bodied ungulate/pig scaffold lacks bear shoulders, paws, muzzle, and stocky rear.",True,Brown_Bear.png,440,440,RGBA,0cfd0e3ff50b83f590ed9175af300d7d5e50f05e540ed0632df15c948e08877d,,,,,,,,,,,,,,,,,,,,,,,
fauna,Bull,Bull,FAIL,FAIL,FAIL,FAIL,FAIL,PASS,FAIL,FAIL,FAIL,HIGH,,"Current rabbit-eared ungulate scaffold lacks bovine skull, horn bases, muscular neck/chest, cloven hooves, and heavy rear.",True,Bull.png,440,440,RGBA,1a0bea2ee8820686d4ba4f255c92fa68dfbd14952472d4f1b57f447876f1b861,,,,,,,,,,,,,,,,,,,,,,,
fauna,Bumblebee,Bumblebee,FAIL,FAIL,FAIL,FAIL,FAIL,PASS,FAIL,FAIL,FAIL,HIGH,,"Current bead-like insect lacks wings, fuzzy thorax/abdomen, six legs, and bee proportions.",False,Bumblebee.png,440,440,RGBA,c2a54c03668df104b2a01b5754dbdf37f78d06c9eb9b66076f9ce13ceaf13a1c,,,,,,,,,,,,,,,,,,,,,,,
fauna,Butterflyfish,Butterflyfish,FAIL,FAIL,FAIL,FAIL,FAIL,PASS,FAIL,FAIL,FAIL,LOW,,Use a deeper laterally compressed reef-fish body and stronger butterflyfish fin/pattern identity.,True,Butterflyfish.png,440,440,RGBA,d1b78f1b6445b05cd1c90ebf3c2c3e945d1beed1eb3686bcb3530e617a6f5f46,,,,,,,,,,,,,,,,,,,,,,,
fauna,Caiman,Caiman,FAIL,FAIL,FAIL,FAIL,FAIL,PASS,FAIL,FAIL,FAIL,HIGH,,"Current arrow-like body lacks a broad armored torso, four legs, blunt head, and muscular tail.",False,Caiman.png,440,440,RGBA,ed108521c830cbdb987d5404ddde1aa4a4d4f1906e053452d543f926dd0cabd0,,,,,,,,,,,,,,,,,,,,,,,
fauna,Camel,Camel,FAIL,FAIL,FAIL,FAIL,FAIL,PASS,FAIL,FAIL,FAIL,HIGH,,"Hump is present, but the body is deer-like. Add camel skull, long curved neck, padded feet, and high-chested stance.",True,Camel.png,440,440,RGBA,1afa7ded82a4bacfb5ed4fd3ba0d1d39ed3756b1b2f9294a464ab4280db2bc85,,,,,,,,,,,,,,,,,,,,,,,
fauna,Caracal,Caracal,FAIL,FAIL,FAIL,FAIL,FAIL,PASS,FAIL,FAIL,FAIL,HIGH,,"Current deer/rabbit-like body lacks a feline torso, paws, short coat, long black ear tufts, and cat tail.",True,Caracal.png,440,440,RGBA,66f6d9e1351f7bad443aa03f540510eff4f567e0ade4394b28dd6ea060db7ede,,,,,,,,,,,,,,,,,,,,,,,
fauna,Cassowary,Cassowary,FAIL,FAIL,FAIL,FAIL,FAIL,PASS,FAIL,FAIL,FAIL,HIGH,,"Current small generic bird lacks a heavy flightless torso, casque, powerful legs, tiny wings, and reduced tail.",False,Cassowary.png,440,440,RGBA,f3091108f6b11d098483a175b5fd7025423b697958a35c8aef2d8b4e48847db8,,,,,,,,,,,,,,,,,,,,,,,
fauna,Cat,Cat,FAIL,FAIL,FAIL,FAIL,FAIL,PASS,FAIL,FAIL,FAIL,HIGH,,"Current long-legged ungulate-like body lacks feline spine, shoulder/chest, paws, skull, and tail articulation.",True,Cat.png,440,440,RGBA,f07a2ec3b4b407e9af487fb641c28253f339edb29a6246eeb393ebc27b3aed0e,,,,,,,,,,,,,,,,,,,,,,,
fauna,Cattle,Cattle,FAIL,FAIL,FAIL,FAIL,FAIL,PASS,FAIL,FAIL,FAIL,HIGH,,"Current rabbit-eared generic ungulate does not read as cattle. Use a bovine head, broad torso, cloven hooves, dewlap, and correct tail.",True,Cattle.png,440,440,RGBA,5da405ab7458590f86d50a192381b2e659d5194980d0b36a5e1919914fa30ef6,,,,,,,,,,,,,,,,,,,,,,,
fauna,Cave_Cricket,Cave Cricket,FAIL,FAIL,FAIL,FAIL,FAIL,PASS,FAIL,FAIL,FAIL,HIGH,,"Current larva-like chain lacks six long legs, enlarged jumping hind legs, antennae, and cricket thorax/abdomen.",False,Cave_Cricket.png,440,440,RGBA,9ae922b9fb669fe74192806f8ca71aa6b700eb6214cba488660e4dbd1d4eb908,,,,,,,,,,,,,,,,,,,,,,,
fauna,Chamois,Chamois,FAIL,FAIL,FAIL,FAIL,FAIL,PASS,FAIL,FAIL,FAIL,HIGH,,"Current generic deer body lacks short hooked horns, compact mountain-goat torso, and sure-footed hoof/leg proportions.",True,Chamois.png,440,440,RGBA,b704a9aa95362e5e65f5ccd8ae3e9aaa9517280eb64710329febbd5f9fdd1aaa,,,,,,,,,,,,,,,,,,,,,,,
fauna,Cheetah,Cheetah,FAIL,FAIL,FAIL,FAIL,FAIL,PASS,FAIL,FAIL,FAIL,HIGH,,"Current ungulate-like body lacks deep chest, tucked waist, feline paws/head, and long balancing tail.",True,Cheetah.png,440,440,RGBA,b79943773e443bf87ac8e1ca769d7496eb7f362541a1a0cdc730d4c93524007e,,,,,,,,,,,,,,,,,,,,,,,
fauna,Chicken,Chicken,FAIL,FAIL,FAIL,FAIL,FAIL,PASS,FAIL,FAIL,FAIL,HIGH,,"Current wader-like body lacks a compact poultry torso, comb, wattles, short beak, broad feet, and raised tail.",False,Chicken.png,440,440,RGBA,76d47a9e979eae30c5c3552a2775bbf7c6c2af80d5869ff00a99579cfc6642f8,,,,,,,,,,,,,,,,,,,,,,,
fauna,Cicada,Cicada,FAIL,FAIL,FAIL,FAIL,FAIL,FAIL,FAIL,FAIL,FAIL,HIGH,Aphid | Black_Fly | Cold-Adapted_Insect | Orchid_Bee | Termite | Thrips,"Current bead insect lacks large transparent wings, broad thorax, large eyes, and tapered abdomen.",False,Cicada.png,440,440,RGBA,dbefccba765dde3760df4d87c1374fae534eaf3c7f3ed6c1726212c6544072e9,,,,,,,,,,,,,,,,,,,,,,,
fauna,Clouded_Leopard,Clouded Leopard,FAIL,FAIL,FAIL,FAIL,FAIL,PASS,FAIL,FAIL,FAIL,HIGH,,"Current generic long-legged body lacks feline torso, huge cloud markings, short legs, and very long tail.",True,Clouded_Leopard.png,440,440,RGBA,0c2ac721661f70f91f623652e940ff1250dd4a28cae7274e1ef5a8cd52a041be,,,,,,,,,,,,,,,,,,,,,,,
fauna,Coati,Coati,FAIL,FAIL,FAIL,FAIL,FAIL,PASS,FAIL,FAIL,FAIL,HIGH,,"Current low mammal lacks the long flexible snout, ringed upright tail, and raccoon-like feet.",True,Coati.png,440,440,RGBA,67f0f58e413571bc8fee2286b054bf30f8b6d4a41bd4af342f360410f81ee596,,,,,,,,,,,,,,,,,,,,,,,
fauna,Cockroach,Cockroach,FAIL,FAIL,FAIL,FAIL,FAIL,PASS,FAIL,FAIL,FAIL,HIGH,,"Current bead body lacks flattened oval torso, long antennae, six spiny legs, and folded wings.",False,Cockroach.png,440,440,RGBA,68059aad3be7431268cd8c4e06902bba540801b5f24c414946059a9565aba9aa,,,,,,,,,,,,,,,,,,,,,,,
fauna,Colugo,Colugo,FAIL,FAIL,FAIL,FAIL,FAIL,PASS,FAIL,FAIL,FAIL,HIGH,,"Current small mammal lacks a broad patagium connecting neck, limbs, fingers, and tail.",True,Colugo.png,440,440,RGBA,c99e033ad9a8dca9c1aadce71490925f826ced211613bec7587be0b90f4d4f29,,,,,,,,,,,,,,,,,,,,,,,
fauna,Cougar,Cougar,FAIL,FAIL,FAIL,FAIL,FAIL,PASS,FAIL,FAIL,FAIL,HIGH,,"Current long-legged body lacks feline chest, flexible spine, paws, cat skull, and muscular tail.",True,Cougar.png,440,440,RGBA,ca442564482aaba62bc5962e4b9523cade2b110435e6edf3078dde1c1c588f40,,,,,,,,,,,,,,,,,,,,,,,
fauna,Coyote,Coyote,FAIL,FAIL,FAIL,FAIL,FAIL,PASS,FAIL,FAIL,FAIL,HIGH,,"Current deer-like body lacks canine chest, paws, narrow muzzle, upright ears, and bushy low tail.",True,Coyote.png,440,440,RGBA,b8dffde3f488a46ca4f5f580cf17ddfa4636b53760445913437f19f20ebd7f44,,,,,,,,,,,,,,,,,,,,,,,
fauna,Crocodile,Crocodile,FAIL,FAIL,FAIL,FAIL,FAIL,PASS,FAIL,FAIL,FAIL,HIGH,,"Current arrow-like body lacks a broad armored torso, four splayed legs, powerful jaw, and muscular tail.",False,Crocodile.png,440,440,RGBA,1979a0a1c72fcfed173643528a9e8d9f6fc6d151086141e31d28dc59513d03d1,,,,,,,,,,,,,,,,,,,,,,,
fauna,Dingo,Dingo,FAIL,FAIL,FAIL,FAIL,FAIL,PASS,FAIL,FAIL,FAIL,HIGH,,"Current deer-like body lacks canine paws, skull, chest, and tail carriage.",True,Dingo.png,440,440,RGBA,2737fbd26a099febdbe1656c0b0e89a849c35671e99d7069179fa894c60b111a,,,,,,,,,,,,,,,,,,,,,,,
fauna,Dog,Dog,FAIL,FAIL,FAIL,FAIL,FAIL,PASS,FAIL,FAIL,FAIL,HIGH,,"Current deer-like body lacks a canine ribcage, paws, hocks, muzzle, and species-neutral dog tail.",True,Dog.png,440,440,RGBA,e1ea4d73595e24b3f8495d10d77710a93640c552c9a2ec3565ab989700a37ee4,,,,,,,,,,,,,,,,,,,,,,,
fauna,Dromedary_Camel,Dromedary Camel,FAIL,FAIL,FAIL,FAIL,FAIL,PASS,FAIL,FAIL,FAIL,HIGH,,"One hump is present, but the body is deer-like. Add a camel head/neck, long upper limbs, padded feet, and integrated hump.",True,Dromedary_Camel.png,440,440,RGBA,8dc7e705707d8455e97d71d0f9a6e6b8435ca81ea8663a1d8c3a766847dceefb,,,,,,,,,,,,,,,,,,,,,,,
fauna,Dugong,Dugong,FAIL,FAIL,FAIL,FAIL,FAIL,PASS,FAIL,FAIL,FAIL,LOW,,"Current body is too spherical; add elongated sirenian body, downturned muzzle, paddle flippers, and fluked tail.",True,Dugong.png,440,440,RGBA,867d48300dd6d7b957abee406c53cddddbf4e5b7c4e346edeedf4c7ee8b0b55a,,,,,,,,,,,,,,,,,,,,,,,
fauna,Eagle,Eagle,FAIL,FAIL,FAIL,FAIL,FAIL,PASS,FAIL,FAIL,FAIL,HIGH,,"Current small songbird body lacks a hooked bill, heavy raptor chest, large wings, powerful talons, and wedge/fan tail.",False,Eagle.png,440,440,RGBA,956998a9caa2deaa74176a9acc2b3ea97801d856b553a266d543625362d768e0,,,,,,,,,,,,,,,,,,,,,,,
fauna,Emu,Emu,FAIL,FAIL,FAIL,FAIL,FAIL,PASS,FAIL,FAIL,FAIL,HIGH,,"Current compact generic bird lacks the tall flightless torso, long neck, powerful legs, and reduced wings.",False,Emu.png,440,440,RGBA,8be33316a0a033edd5eb46fed2bb9570998e72edb4e2c76df4717653bf1e950b,,,,,,,,,,,,,,,,,,,,,,,
fauna,Fishing_Cat,Fishing Cat,FAIL,FAIL,FAIL,FAIL,FAIL,PASS,FAIL,FAIL,FAIL,HIGH,,"Current spotted ungulate-like body lacks feline head, paws, stocky cat torso, and wetland-cat tail.",True,Fishing_Cat.png,440,440,RGBA,06e16cfd80768b15205cb2ab9587d4cecd6cf323caec526e1fb3dbef7b33accb,,,,,,,,,,,,,,,,,,,,,,,
fauna,Flying_Squirrel,Flying Squirrel,FAIL,FAIL,FAIL,FAIL,FAIL,PASS,FAIL,FAIL,FAIL,HIGH,,Current squirrel body lacks a clearly stretched patagium between fore and hind limbs.,False,Flying_Squirrel.png,440,440,RGBA,4e0ed6dd64abcb630c6d1870c18d55207bbcf6763bb1b0ee87878ce713a5e98b,,,,,,,,,,,,,,,,,,,,,,,
fauna,Fox,Fox,FAIL,FAIL,FAIL,FAIL,FAIL,PASS,FAIL,FAIL,FAIL,HIGH,,"Current deer-like body lacks a narrow fox muzzle, low flexible spine, paws, and full brush tail.",True,Fox.png,440,440,RGBA,9f7d8ea957fabbe63a1e623a7b5d79a1858165be8b2a3c0594ceb16d0e603f18,,,,,,,,,,,,,,,,,,,,,,,
fauna,Gharial,Gharial,FAIL,FAIL,FAIL,FAIL,FAIL,PASS,FAIL,FAIL,FAIL,HIGH,,Current arrow-like body lacks four legs and the defining extremely long narrow snout.,False,Gharial.png,440,440,RGBA,65dedff44c1ed21abcd57b2345166e55edaf9cca6ea633a80745d7bf5ad34e81,,,,,,,,,,,,,,,,,,,,,,,
fauna,Giant_Isopod,Giant Isopod,FAIL,FAIL,FAIL,FAIL,FAIL,PASS,FAIL,FAIL,FAIL,HIGH,,"Current shrimp-like form lacks the broad armored segmented body, many legs, and tail plate of a giant isopod.",False,Giant_Isopod.png,440,440,RGBA,53dc8206682d715186ec2bbcbc40caec8f7be8180e92df6fae39e242c94b1ad3,,,,,,,,,,,,,,,,,,,,,,,
fauna,Giant_Water_Bug,Giant Water Bug,FAIL,FAIL,FAIL,FAIL,FAIL,PASS,FAIL,FAIL,FAIL,HIGH,,"Current generic tiny insect lacks a broad flattened body, grasping forelegs, and swimming hind legs.",False,Giant_Water_Bug.png,440,440,RGBA,ad792580026bb0c3186eb820c26b40e73204707993ffe0a70efd716be576829d,,,,,,,,,,,,,,,,,,,,,,,
fauna,Goat,Goat,FAIL,FAIL,FAIL,FAIL,FAIL,PASS,FAIL,FAIL,FAIL,HIGH,,"Current generic ungulate lacks goat horns, beard, compact chest, split hooves, and short raised tail.",True,Goat.png,440,440,RGBA,3d0082c0dae3a71c48c53c420561f3438cdef11c752ad2a27953169b1a0b8fb6,,,,,,,,,,,,,,,,,,,,,,,
fauna,Grasshopper,Grasshopper,FAIL,FAIL,FAIL,FAIL,FAIL,PASS,FAIL,FAIL,FAIL,HIGH,,"Current bead insect lacks enlarged jumping hind legs, segmented abdomen, wings, and angular head.",False,Grasshopper.png,440,440,RGBA,a7bc388a4f634c73115cb3404257fdb04c3c45092f75579dc4e26d26bfcf4eba,,,,,,,,,,,,,,,,,,,,,,,
fauna,Grizzly_Bear,Grizzly Bear,FAIL,FAIL,FAIL,FAIL,FAIL,PASS,FAIL,FAIL,FAIL,HIGH,,"Current pig-like body lacks the defining shoulder hump, powerful forelimbs, plantigrade paws, and bear skull.",True,Grizzly_Bear.png,440,440,RGBA,fd3a84f1e94c6b49c3bdac8e33f22cb8f7cd3aa1b929fa8e7601a57e5d1977ef,,,,,,,,,,,,,,,,,,,,,,,
fauna,Hammerhead_Shark,Hammerhead Shark,FAIL,FAIL,FAIL,FAIL,FAIL,FAIL,FAIL,FAIL,FAIL,HIGH,,Current shark does not show the defining wide hammer-shaped cephalofoil and laterally placed eyes.,False,Hammerhead_Shark.png,440,440,RGBA,cc15d0f0187399afad8da4062892639dccc40b440ae36f7f9694c555f3727ea2,,,,,,,,,,,,,,,,,,,,,,,
fauna,Harpy_Eagle,Harpy Eagle,FAIL,FAIL,FAIL,FAIL,FAIL,PASS,FAIL,FAIL,FAIL,HIGH,,"Current generic bird lacks a massive raptor head, crest, broad wings, thick legs, and oversized talons.",False,Harpy_Eagle.png,440,440,RGBA,c05a3627adc4ad6235deaeddb59165e021fa4611e7ac1d5a1e4144474b4854c7,,,,,,,,,,,,,,,,,,,,,,,
fauna,Hoatzin,Hoatzin,FAIL,FAIL,FAIL,FAIL,FAIL,PASS,FAIL,FAIL,FAIL,HIGH,,"Current generic bird lacks a prominent crest, long tail, heavy crop, and clawed-young lineage cues.",False,Hoatzin.png,440,440,RGBA,16094dab242788a814e30a352b3a70264fac3f35a165c37de49a0d2212302d6f,,,,,,,,,,,,,,,,,,,,,,,
fauna,Honeybee,Honeybee,FAIL,FAIL,FAIL,FAIL,FAIL,PASS,FAIL,FAIL,FAIL,HIGH,,"Current bead-like insect lacks wings, fuzzy thorax, striped abdomen, six legs, and pollen structures.",False,Honeybee.png,440,440,RGBA,00b511bd96cf3da8189147b19887dfb0a9081cee1d16903fe5995ee6a37f6dec,,,,,,,,,,,,,,,,,,,,,,,
fauna,Horned_Lizard,Horned Lizard,FAIL,FAIL,FAIL,FAIL,FAIL,PASS,FAIL,FAIL,FAIL,HIGH,,"Current rounded lizard does not show a broad flattened torso, cranial horns, lateral spines, and short tail.",True,Horned_Lizard.png,440,440,RGBA,9b7aac3d282ba0209c497ca7fecbf8ea6dec91a54b13bd799cd8a7b704e07b17,,,,,,,,,,,,,,,,,,,,,,,
fauna,Horse,Horse,FAIL,FAIL,FAIL,FAIL,FAIL,PASS,FAIL,FAIL,FAIL,HIGH,,"Current deer-like torso and rabbit ears do not read equine. Add a long equine head, mane, deep chest, horse legs/hooves, and flowing tail.",True,Horse.png,440,440,RGBA,e91632032ac22f9e8e32c6524c122e6f78f3055c8146587df7888ace27636644,,,,,,,,,,,,,,,,,,,,,,,
fauna,Humpback_Whale,Humpback Whale,FAIL,FAIL,FAIL,FAIL,FAIL,PASS,FAIL,FAIL,FAIL,LOW,,"Add long pectoral fins, knobbly head, and a more elongated whale body.",True,Humpback_Whale.png,440,440,RGBA,a1ff4f266fd016345b9bbc1d53861dc575f251f0d51822532ebfdf73468471f2,,,,,,,,,,,,,,,,,,,,,,,
fauna,Hyena,Hyena,FAIL,FAIL,FAIL,FAIL,FAIL,PASS,FAIL,FAIL,FAIL,HIGH,,"Current deer/cat scaffold lacks heavy forequarters, sloping back, large head, short rear, and hyena feet.",True,Hyena.png,440,440,RGBA,92aec2b7d3b15603e246fb1bb8f309ff4a10a7ef31cb1f448e6cd4448ebaf413,,,,,,,,,,,,,,,,,,,,,,,
fauna,Isopod,Isopod,FAIL,FAIL,FAIL,FAIL,FAIL,PASS,FAIL,FAIL,FAIL,HIGH,,Current shrimp-like form lacks the flattened segmented isopod body and repeated similar walking legs.,False,Isopod.png,440,440,RGBA,2ae7ef82e6b1a10f11afd5928198d773759f3b823d04f1e00c87d9e8ea18cf4a,,,,,,,,,,,,,,,,,,,,,,,
fauna,Jackal,Jackal,FAIL,FAIL,FAIL,FAIL,FAIL,PASS,FAIL,FAIL,FAIL,HIGH,,"Current deer-like body lacks canine skull, paws, chest, and narrow jackal proportions.",True,Jackal.png,440,440,RGBA,c9d185dcdc1f3799d92cc2566ec1538d949bcf5b925105438d492309ba16c2f2,,,,,,,,,,,,,,,,,,,,,,,
fauna,Jaguar,Jaguar,FAIL,FAIL,FAIL,FAIL,FAIL,PASS,FAIL,FAIL,FAIL,HIGH,,"Current ungulate-like body lacks stocky feline shoulders, broad skull, paws, short powerful legs, and thick tail.",True,Jaguar.png,440,440,RGBA,6fba3241f30dd11e9df0adfb685aa738bcd2053deeeea2ba61ba73c62e7f94b6,,,,,,,,,,,,,,,,,,,,,,,
fauna,Kakapo,Kakapo,FAIL,FAIL,FAIL,FAIL,FAIL,PASS,FAIL,FAIL,FAIL,HIGH,,"Current small flying-bird scaffold lacks a squat flightless parrot torso, owl-like face, heavy legs, and short wings.",False,Kakapo.png,440,440,RGBA,3e9bdd0390a2c92fc9b0fb0114e64911913bb631d093cdfd7eba415626f39be6,,,,,,,,,,,,,,,,,,,,,,,
fauna,Kinkajou,Kinkajou,FAIL,FAIL,FAIL,FAIL,FAIL,PASS,FAIL,FAIL,FAIL,HIGH,,"Current generic low mammal lacks round face, grasping feet, and long prehensile tail.",True,Kinkajou.png,440,440,RGBA,8e203043bde1dda93fcb628b3e028a4f1b07eecd8f4cd7af4207259d0b48417d,,,,,,,,,,,,,,,,,,,,,,,
fauna,Komodo_Dragon,Komodo Dragon,FAIL,FAIL,FAIL,FAIL,FAIL,PASS,FAIL,FAIL,FAIL,HIGH,,"Current rounded salamander-like body lacks a heavy monitor-lizard torso, powerful limbs, broad head, and muscular tail.",True,Komodo_Dragon.png,440,440,RGBA,39692674128345d857e671e0f68c3e8be75eb16601354d1b323b354467738c77,,,,,,,,,,,,,,,,,,,,,,,
fauna,Kookaburra,Kookaburra,FAIL,FAIL,FAIL,FAIL,FAIL,PASS,FAIL,FAIL,FAIL,LOW,,Add oversized kingfisher head and heavy bill; current generic bird silhouette is insufficient.,True,Kookaburra.png,440,440,RGBA,b6e2c8c362395596ca1cded3c11b6d620e441cb61a1836f061d958a1243c4477,,,,,,,,,,,,,,,,,,,,,,,
fauna,Leopard,Leopard,FAIL,FAIL,FAIL,FAIL,FAIL,PASS,FAIL,FAIL,FAIL,HIGH,,"Current ungulate-like body lacks feline spine, shoulders, paws, cat head, and long muscular tail.",True,Leopard.png,440,440,RGBA,f23598121765c41746df5cab87329bea4972e98a614d26d5feb4abc294eac331,,,,,,,,,,,,,,,,,,,,,,,
fauna,Lobster,Lobster,FAIL,FAIL,FAIL,FAIL,FAIL,PASS,FAIL,FAIL,FAIL,HIGH,,"Current small shrimp form lacks large claws, heavy cephalothorax, segmented abdomen, and tail fan.",False,Lobster.png,440,440,RGBA,99c84d0119547436f2b08c8f82073ec619447be6c007bf8f8ce61477e5cc64bd,,,,,,,,,,,,,,,,,,,,,,,
fauna,Locust,Locust,FAIL,FAIL,FAIL,FAIL,FAIL,PASS,FAIL,FAIL,FAIL,HIGH,,"Current bead insect lacks enlarged hind legs, wings, segmented abdomen, and grasshopper-like head.",False,Locust.png,440,440,RGBA,7a81b122fd01df368c2d927f24adaf0395a284fd2207fa6416d35395204d1aa6,,,,,,,,,,,,,,,,,,,,,,,
fauna,Lynx,Lynx,FAIL,FAIL,FAIL,FAIL,FAIL,PASS,FAIL,FAIL,FAIL,HIGH,,"Current ungulate-like body lacks a feline torso, ear tufts, cheek ruff, large paws, and short tail.",True,Lynx.png,440,440,RGBA,e6c966761d733f2318e1fa0a57e3ffb628de41a4cb4b26e3c503937c6f688e9a,,,,,,,,,,,,,,,,,,,,,,,
fauna,Macaw,Macaw,FAIL,FAIL,FAIL,FAIL,FAIL,PASS,FAIL,FAIL,FAIL,HIGH,,"Current generic bird lacks a large curved parrot bill, broad head, strong zygodactyl feet, and very long tail.",False,Macaw.png,440,440,RGBA,ff4397d5fb9ecabe5248442f825b82780dc774ca2d16b6bfdb1b8f2b33b97c6e,,,,,,,,,,,,,,,,,,,,,,,
fauna,Mantis,Mantis,FAIL,FAIL,FAIL,FAIL,FAIL,PASS,FAIL,FAIL,FAIL,HIGH,,"Current bead insect lacks raptorial forelegs, triangular head, long prothorax, and folded wings.",False,Mantis.png,440,440,RGBA,0188bdca4a0e6df79557ab69791928fbc5455286f99f0a773525801d7095b6f1,,,,,,,,,,,,,,,,,,,,,,,
fauna,Meerkat,Meerkat,FAIL,FAIL,FAIL,FAIL,FAIL,FAIL,FAIL,FAIL,FAIL,HIGH,,"Current low quadruped lacks upright sentinel posture, long torso, dark eye patches, digging forefeet, and long tail.",True,Meerkat.png,440,440,RGBA,29854e969d2855c6be1dd5147e05630d2b4144776c1bb5289edf00c41040f300,,,,,,,,,,,,,,,,,,,,,,,
fauna,Mole,Mole,FAIL,FAIL,FAIL,FAIL,FAIL,FAIL,FAIL,FAIL,FAIL,HIGH,Mite | Pseudoscorpion,"Current smooth low body lacks enlarged shovel forefeet, pointed snout, tiny eyes, and short tail.",True,Mole.png,440,440,RGBA,bd20d69c367905b396d45a4b333d24fa26e2dee510bd0da3a631cc09530f63dd,,,,,,,,,,,,,,,,,,,,,,,
fauna,Mosquito,Mosquito,FAIL,FAIL,FAIL,FAIL,FAIL,PASS,FAIL,FAIL,FAIL,HIGH,,"Current body lacks long legs, narrow wings, proboscis, and slender abdomen.",False,Mosquito.png,440,440,RGBA,3aa86486c8a590871bb3afff4f0184e09f34a0d4570b337cd5570b9f5ef64a5c,,,,,,,,,,,,,,,,,,,,,,,
fauna,Narwhal,Narwhal,FAIL,FAIL,FAIL,FAIL,FAIL,PASS,FAIL,FAIL,FAIL,HIGH,Beluga | Right_Whale | Sperm_Whale,Current whale lacks the defining long spiral tusk and melon-shaped head.,False,Narwhal.png,440,440,RGBA,6eb3e0cb5d514e767d01caf5caa64d6d5ae5353c98930f4280419555bb4074bd,,,,,,,,,,,,,,,,,,,,,,,
fauna,Nilgai,Nilgai,FAIL,FAIL,FAIL,FAIL,FAIL,PASS,FAIL,FAIL,FAIL,HIGH,,"Current generic ungulate lacks the heavy sloping blue-bull torso, short horns, dewlap, and species-specific head.",True,Nilgai.png,440,440,RGBA,6229fb624a8e0d887c482d04e7f587343d688a74f627db92de3dd098e771b42e,,,,,,,,,,,,,,,,,,,,,,,
fauna,Ocelot,Ocelot,FAIL,FAIL,FAIL,FAIL,FAIL,PASS,FAIL,FAIL,FAIL,HIGH,,"Current ungulate-like body lacks low feline torso, cat skull, paws, and long ringed/marked tail.",True,Ocelot.png,440,440,RGBA,cc1ddea08c03f686346b627b7955c4be17efd4ca44171b0af99425b1ccf0da70,,,,,,,,,,,,,,,,,,,,,,,
fauna,Orca,Orca,FAIL,FAIL,FAIL,FAIL,FAIL,PASS,FAIL,FAIL,FAIL,HIGH,,"Current generic cetacean lacks black-and-white markings, tall dorsal fin, pectoral shape, and robust killer-whale head.",False,Orca.png,440,440,RGBA,26cadc7eb23fb3b0386ecd568d7935148d7c36565ee5b24640f5ff8eb9a1d642,,,,,,,,,,,,,,,,,,,,,,,
fauna,Orchid_Bee,Orchid Bee,FAIL,FAIL,FAIL,FAIL,FAIL,PASS,FAIL,FAIL,FAIL,HIGH,Aphid | Black_Fly | Cicada | Cold-Adapted_Insect | Termite | Thrips,"Current bead-like insect lacks wings, metallic bee torso, six legs, and pollen-carrying anatomy.",False,Orchid_Bee.png,440,440,RGBA,cd083c191c3c593e39b1c250adc5e1f006ad8bc8e27b5f54fa2d759cdd24e428,,,,,,,,,,,,,,,,,,,,,,,
fauna,Ostrich,Ostrich,FAIL,FAIL,FAIL,FAIL,FAIL,PASS,FAIL,FAIL,FAIL,HIGH,,"Current compact bird lacks the very large flightless body, long neck, powerful two-toed legs, and reduced wings.",False,Ostrich.png,440,440,RGBA,a9602117ca72d7a70a9b2a72a79dec4da8e03d22a514de215c10d2946bcb04c2,,,,,,,,,,,,,,,,,,,,,,,
fauna,Panda,Panda,FAIL,FAIL,FAIL,FAIL,FAIL,PASS,FAIL,FAIL,FAIL,HIGH,,"Markings are recognizable, but the body is a cow-like quadruped. Use a round ursid torso, short legs, broad bear head, paws, and compact rear.",True,Panda.png,440,440,RGBA,88e9f42238c71cf254d6a2b57daccbd9a7f7bf4f4e32ae344d356f95901e6652,,,,,,,,,,,,,,,,,,,,,,,
fauna,Parrot,Parrot,FAIL,FAIL,FAIL,FAIL,FAIL,PASS,FAIL,FAIL,FAIL,HIGH,,"Current tiny generic bird lacks a curved parrot bill, broad head, grasping feet, and parrot body proportions.",False,Parrot.png,440,440,RGBA,de4088c7a7a286cb0945b9c36432cd6f97015497c8ae627807b21e267ab55442,,,,,,,,,,,,,,,,,,,,,,,
fauna,Poison_Dart_Frog,Poison Dart Frog,FAIL,FAIL,FAIL,FAIL,FAIL,PASS,FAIL,FAIL,FAIL,HIGH,,"Warning color is present, but the body is an elongated block. Use a compact frog torso, broad head, visible forelegs, folded hind legs, and toe pads.",False,Poison_Dart_Frog.png,440,440,RGBA,d72790147beb88c42fe6c599d4ebecc4cbb7f71f3858de09bbde3efc1d53fa37,,,,,,,,,,,,,,,,,,,,,,,
fauna,Rhea,Rhea,FAIL,FAIL,FAIL,FAIL,FAIL,PASS,FAIL,FAIL,FAIL,HIGH,,"Current compact bird lacks a large flightless torso, long neck, powerful legs, and broad soft wing feathers.",False,Rhea.png,440,440,RGBA,bed72c3189ef524a56654d4e9d952fde25f6de2d592328b76b908845ba968245,,,,,,,,,,,,,,,,,,,,,,,
fauna,Right_Whale,Right Whale,FAIL,FAIL,FAIL,FAIL,FAIL,PASS,FAIL,FAIL,FAIL,HIGH,Beluga | Narwhal | Sperm_Whale,"Current torpedo body lacks the enormous head, arched mouth, callosities, and absence of a dorsal fin.",False,Right_Whale.png,440,440,RGBA,8f00eafac054bd69441736e91d0afae12e4fb862e39cba947266f94aa8dc53db,,,,,,,,,,,,,,,,,,,,,,,
fauna,Rooster,Rooster,FAIL,FAIL,FAIL,FAIL,FAIL,PASS,FAIL,FAIL,FAIL,HIGH,,"Current wader-like bird lacks comb, wattles, compact chicken torso, hackle/saddle feathers, and arched tail.",False,Rooster.png,440,440,RGBA,e97f4c486227fdf0f0c64e7aae81be4b12daec6c16a02602a6faa081d48af207,,,,,,,,,,,,,,,,,,,,,,,
fauna,Saiga,Saiga,FAIL,FAIL,FAIL,FAIL,FAIL,PASS,FAIL,FAIL,FAIL,HIGH,,Current antelope lacks the defining enlarged downward nasal structure and correct short ringed horns.,True,Saiga.png,440,440,RGBA,49487cfd6f61f843580d71aacf695726646ba8080cac6cc11c3004d2e6680bdd,,,,,,,,,,,,,,,,,,,,,,,
fauna,Sand_Cat,Sand Cat,FAIL,FAIL,FAIL,FAIL,FAIL,PASS,FAIL,FAIL,FAIL,HIGH,,"Current generic ungulate-like body lacks low feline posture, broad head, oversized ears, paws, and long tail.",True,Sand_Cat.png,440,440,RGBA,3a8cb6a3c91af5593b101a42b06b2e4ec0e2c776ebad96f66e89d12068ad5820,,,,,,,,,,,,,,,,,,,,,,,
fauna,Scorpionfly,Scorpionfly,FAIL,FAIL,FAIL,FAIL,FAIL,PASS,FAIL,FAIL,FAIL,HIGH,,"Current form resembles a damselfly. Add an elongated rostrum, two wing pairs, six insect legs, and a curled abdominal tip where appropriate.",True,Scorpionfly.png,440,440,RGBA,f844c6784f68f1c7a9c2bf3aae07219bae1dcc5724a7bc908bc3e0f358198f57,,,,,,,,,,,,,,,,,,,,,,,
fauna,Shark,Shark,FAIL,FAIL,FAIL,FAIL,FAIL,PASS,FAIL,FAIL,FAIL,HIGH,,"Current generic fish silhouette lacks a clear shark head, gill slits, large pectoral fins, and heterocercal tail.",False,Shark.png,440,440,RGBA,95ee17288d1f1c106815e095d23df12bb2a26c8fa9100f18a2482d2848e34786,,,,,,,,,,,,,,,,,,,,,,,
fauna,Sheep,Sheep,FAIL,FAIL,FAIL,FAIL,FAIL,PASS,FAIL,FAIL,FAIL,HIGH,,"Current generic ungulate lacks a woolly torso, sheep muzzle, cloven hooves, and appropriate tail/horn treatment.",True,Sheep.png,440,440,RGBA,bf491c38714f72bea1c97d9803f6878ad01fdf6149c7a715f8ebe1f361f20d9f,,,,,,,,,,,,,,,,,,,,,,,
fauna,Sloth,Sloth,FAIL,FAIL,FAIL,FAIL,FAIL,PASS,FAIL,FAIL,FAIL,HIGH,,"Current shaggy ground quadruped is incorrect. Use long curved climbing limbs, hook-like claws, compact torso, and hanging/arboreal posture.",True,Sloth.png,440,440,RGBA,42a4fc2392cdc4b00b9c9a92997b808e32760ebb9fb561d8b7f430fb25349aa6,,,,,,,,,,,,,,,,,,,,,,,
fauna,Sloth_Bear,Sloth Bear,FAIL,FAIL,FAIL,FAIL,FAIL,PASS,FAIL,FAIL,FAIL,HIGH,,"Current boar-like body lacks shaggy bear torso, long flexible muzzle, paws, and chest marking.",True,Sloth_Bear.png,440,440,RGBA,b9dc3356eb87156320c9be6608bbdfa90a172faa4c5325276406336bd99c25c0,,,,,,,,,,,,,,,,,,,,,,,
fauna,Snapping_Turtle,Snapping Turtle,FAIL,FAIL,FAIL,FAIL,FAIL,PASS,FAIL,FAIL,FAIL,HIGH,,"Current generic wheel-like turtle lacks a large head, hooked beak, ridged shell, powerful legs, and long rough tail.",False,Snapping_Turtle.png,440,440,RGBA,ab9fe77317c82c9d88ca2e3d3d9c02ddab3595a48169a6084fe89297f6a9e5e7,,,,,,,,,,,,,,,,,,,,,,,
fauna,Snow_Leopard,Snow Leopard,FAIL,FAIL,FAIL,FAIL,FAIL,PASS,FAIL,FAIL,FAIL,HIGH,,"Current ungulate-like body lacks powerful feline shoulders, large paws, compact ears, and exceptionally thick long tail.",True,Snow_Leopard.png,440,440,RGBA,54ec830ae1c75e82724c818270702a722c209edd1561f22981240d0eec4b84f4,,,,,,,,,,,,,,,,,,,,,,,
fauna,Softshell_Turtle,Softshell Turtle,FAIL,FAIL,FAIL,FAIL,FAIL,PASS,FAIL,FAIL,FAIL,HIGH,,"Current generic domed turtle lacks a flattened flexible shell, long snorkel-like snout, webbed feet, and broad swimming body.",False,Softshell_Turtle.png,440,440,RGBA,07128c55d6a031509578752b84690ad0aeeaa3e8635a4f663304bb1f98cc0938,,,,,,,,,,,,,,,,,,,,,,,
fauna,Spectacled_Bear,Spectacled Bear,FAIL,FAIL,FAIL,FAIL,FAIL,PASS,FAIL,FAIL,FAIL,HIGH,,"Current boar-like body lacks bear proportions, paws, rounded head, and strong facial spectacle markings.",True,Spectacled_Bear.png,440,440,RGBA,b13fcf3356f8403801cc49f7683641d70b8491c36cb7420de1c244670ac05e86,,,,,,,,,,,,,,,,,,,,,,,
fauna,Spotted_Hyena,Spotted Hyena,FAIL,FAIL,FAIL,FAIL,FAIL,PASS,FAIL,FAIL,FAIL,HIGH,,"Current generic spotted quadruped lacks a sloping back, heavy forequarters, large skull, and short hindquarters.",True,Spotted_Hyena.png,440,440,RGBA,c6aa2dee768bcfffd5ed7f0760156bb241e203372aae9e71ca24d46776ca8a03,,,,,,,,,,,,,,,,,,,,,,,
fauna,Striped_Hyena,Striped Hyena,FAIL,FAIL,FAIL,FAIL,FAIL,PASS,FAIL,FAIL,FAIL,HIGH,,"Current generic striped quadruped lacks a sloping back, mane, heavy skull, and short rear.",True,Striped_Hyena.png,440,440,RGBA,3781403941832d8c39fea6c1cf0820d5252c850e424fea61b682869a5c6f3f65,,,,,,,,,,,,,,,,,,,,,,,
fauna,Sturgeon,Sturgeon,FAIL,FAIL,FAIL,FAIL,FAIL,PASS,FAIL,FAIL,FAIL,HIGH,,"Current generic fish lacks bony scutes, long rostrum, ventral mouth, and shark-like tail.",False,Sturgeon.png,440,440,RGBA,2ed9f3ec222cc579a5a4ed6ed5d19a5498b9e764ce737875a10cb1ddb4cd42c1,,,,,,,,,,,,,,,,,,,,,,,
fauna,Sugar_Glider,Sugar Glider,FAIL,FAIL,FAIL,FAIL,FAIL,FAIL,FAIL,FAIL,FAIL,HIGH,,"Current small quadruped lacks the gliding membrane, large dark eyes, grasping feet, and long stabilizing tail.",True,Sugar_Glider.png,440,440,RGBA,06487d5fab8ee0a74de88e73b473dadd1d6d45c6ced4ef85c238bde1573ebbcf,,,,,,,,,,,,,,,,,,,,,,,
fauna,Sun_Bear,Sun Bear,FAIL,FAIL,FAIL,FAIL,FAIL,PASS,FAIL,FAIL,FAIL,HIGH,,"Current pig-like body lacks a compact bear torso, paws, short muzzle, small ears, and chest crescent.",True,Sun_Bear.png,440,440,RGBA,3239610885d15e6fd66b60665bf630c079a2c1a60c44a1bad78147d4e113806c,,,,,,,,,,,,,,,,,,,,,,,
fauna,Tasmanian_Devil,Tasmanian Devil,FAIL,FAIL,FAIL,FAIL,FAIL,PASS,FAIL,FAIL,FAIL,HIGH,,"Current generic low mammal lacks a massive head/jaw, stocky front-heavy torso, short legs, and white chest markings.",True,Tasmanian_Devil.png,440,440,RGBA,31f50bc92e8ca19628d1e01135be7157820d790f1d765bba6af87b3336c506a8,,,,,,,,,,,,,,,,,,,,,,,
fauna,Tiger,Tiger,FAIL,FAIL,FAIL,FAIL,FAIL,PASS,FAIL,FAIL,FAIL,HIGH,,"Stripes are present, but the body is ungulate-like. Use a heavy feline torso, broad skull, muscular shoulders, paws, and long striped tail.",True,Tiger.png,440,440,RGBA,eb24c4fbc1357722f1130eae299adc413b22c660553150508e4abf554aece0c7,,,,,,,,,,,,,,,,,,,,,,,
fauna,Tortoise,Tortoise,FAIL,FAIL,FAIL,FAIL,FAIL,PASS,FAIL,FAIL,FAIL,HIGH,,"Current wheeled-shell silhouette lacks visible elephantine legs, domed shell integration, head/neck posture, and short tail.",False,Tortoise.png,440,440,RGBA,d791c893cb4837fcf0e07b20bd35bdd6468c41d3c7bffe131c50707f0c0b8658,,,,,,,,,,,,,,,,,,,,,,,
fauna,Vampire_Squid,Vampire Squid,FAIL,FAIL,FAIL,FAIL,FAIL,FAIL,FAIL,FAIL,FAIL,HIGH,,"Current fish-like body lacks a cephalopod mantle, webbed arms, large eyes, and trailing filaments.",False,Vampire_Squid.png,440,440,RGBA,458cda2f35e6cd0cdb58a1026e80ca8aaec58d8f12f380bf068ca470f9dd2686,,,,,,,,,,,,,,,,,,,,,,,
fauna,Viperfish,Viperfish,FAIL,FAIL,FAIL,FAIL,FAIL,PASS,FAIL,FAIL,FAIL,LOW,,Add oversized teeth and a deep-sea predatory head.,True,Viperfish.png,440,440,RGBA,42be9ffb2c2aa9cfa842d7dbf094a3da9ea05d188f805a80c110d49e8666417e,,,,,,,,,,,,,,,,,,,,,,,
fauna,Vulture,Vulture,FAIL,FAIL,FAIL,FAIL,FAIL,PASS,FAIL,FAIL,FAIL,HIGH,,"Current generic bird lacks bald head/neck, hooked scavenger bill, broad soaring wings, and heavy body.",False,Vulture.png,440,440,RGBA,93d5ca1027e9bfbfeffe1beca39129722fc68c379cdbb818fc1c391b983c3a4a,,,,,,,,,,,,,,,,,,,,,,,
fauna,Water_Strider,Water Strider,FAIL,FAIL,FAIL,FAIL,FAIL,PASS,FAIL,FAIL,FAIL,HIGH,Chiton,Current tiny bead insect lacks extremely long surface-spanning legs and narrow skating body.,False,Water_Strider.png,440,440,RGBA,22f958617b85210789b968587fa3e184dfeae7c28d78137d1155dedac06200c9,,,,,,,,,,,,,,,,,,,,,,,
fauna,Whale,Whale,FAIL,FAIL,FAIL,FAIL,FAIL,PASS,FAIL,FAIL,FAIL,HIGH,,"Current dark fish-like blob lacks a cetacean body, blowhole/head, pectoral flippers, and horizontal flukes.",False,Whale.png,440,440,RGBA,6f8fe916d31669dfa548e8c7593fcd198559b7dacb8e9e503c9efd33fcff3ac9,,,,,,,,,,,,,,,,,,,,,,,
fauna,Whale_Shark,Whale Shark,FAIL,FAIL,FAIL,FAIL,FAIL,PASS,FAIL,FAIL,FAIL,HIGH,,"Spots are present, but the body needs a broad flat filter-feeding head, large mouth, stronger gill region, and shark tail.",False,Whale_Shark.png,440,440,RGBA,b4eefae67f81da5d5cc09cfd636b37cace244640e40c469bcc4970a1f4d22429,,,,,,,,,,,,,,,,,,,,,,,
fauna,Wild_Horse,Wild Horse,FAIL,FAIL,FAIL,FAIL,FAIL,PASS,FAIL,FAIL,FAIL,HIGH,,"Current generic ungulate lacks an equine skull, mane, chest, horse joints/hooves, and flowing tail.",True,Wild_Horse.png,440,440,RGBA,f947195471acd9c293b0fae607ccdd703a3d4e65db0e8927365a0a8a70d2c78f,,,,,,,,,,,,,,,,,,,,,,,
fauna,Wildcat,Wildcat,FAIL,FAIL,FAIL,FAIL,FAIL,PASS,FAIL,FAIL,FAIL,HIGH,,"Current generic spotted quadruped lacks feline torso, paws, cat skull, and full tail.",True,Wildcat.png,440,440,RGBA,068ebc0196b5081ecc409119f95b3540e30a9aa7ee945f6b67dcd87f8e0a0a16,,,,,,,,,,,,,,,,,,,,,,,
fauna,Wolf,Wolf,FAIL,FAIL,FAIL,FAIL,FAIL,PASS,FAIL,FAIL,FAIL,HIGH,,"Current deer-like body lacks a powerful canine chest, large paws, wolf muzzle, neck ruff, and full tail.",True,Wolf.png,440,440,RGBA,64973bdc2620e85f8ca392c4e2fe044e4ba5042b25dd0f7e30b4c4f24218c1c2,,,,,,,,,,,,,,,,,,,,,,,
fauna,Woodpecker,Woodpecker,FAIL,FAIL,FAIL,FAIL,FAIL,PASS,FAIL,FAIL,FAIL,HIGH,,"Current generic songbird lacks a long chisel bill, stiff tail, climbing feet, and upright trunk-clinging posture.",False,Woodpecker.png,440,440,RGBA,4e45df27b611e6b4a523d5f2e599d312e6bd6ee8e08dfbc24719f62d17bdaee9,,,,,,,,,,,,,,,,,,,,,,,
flora,Acai,Acai,FAIL,FAIL,,,,,,,,,,Should read as a palm with dark berry clusters; current thin stem/leaf ladder is not recognizable.,False,Acai.png,440,440,RGBA,7b1f5e7e4936debce9fe784371fb0b5ed2076fb176d6be05ee8a54e471de26cd,,FAIL,PASS,FAIL,FAIL,FAIL,FAIL,,,,,,,,,,,,,,,,
flora,Angel's_Trumpet,Angel's Trumpet,FAIL,FAIL,,,,,,,,,,Add woody shrub/tree structure with large hanging trumpet flowers.,False,Angel's_Trumpet.png,440,440,RGBA,88db67b9b90510be34cbffa31441b67d8d3bc5ba905c034e5d6f91f71a9a331f,,FAIL,PASS,FAIL,PASS,FAIL,FAIL,,,,,,,,,,,,,,,,
flora,Beach_Morning_Glory,Beach Morning Glory,FAIL,FAIL,,,,,,,,,,Use a creeping coastal vine with funnel flowers; current floating white cluster is not recognizable.,False,Beach_Morning_Glory.png,440,440,RGBA,e16587b0f6c1ae6fd8ed2f891267804495aa28903dfac43f0ecf8c70bfc5a029,,FAIL,FAIL,PASS,PASS,FAIL,FAIL,,,,,,,,,,,,,,,,
flora,Black_Pepper,Black Pepper,FAIL,FAIL,,,,,,,,,,Use a climbing vine with hanging pepper spikes; current red berry chain is insufficient.,False,Black_Pepper.png,440,440,RGBA,bdf4330d54121d227f13dce9dd53015402855e979af850eb2f24b8e0049926cf,,FAIL,FAIL,PASS,PASS,FAIL,FAIL,,,,,,,,,,,,,,,,
flora,Bladderwrack,Bladderwrack,FAIL,FAIL,,,,,,,,,,Add branching brown fronds with paired air bladders.,False,Bladderwrack.png,440,440,RGBA,76a4dadba14275f247039a00f842946b714e92415bc02895804ffc81cbd1c237,,FAIL,PASS,PASS,FAIL,PASS,FAIL,,,,,,,,,,,,,,,,
flora,Buckwheat,Buckwheat,FAIL,FAIL,,,,,,,,,,Use broad leaves and clustered flowers; current cylindrical grain-like form is incorrect.,False,Buckwheat.png,440,440,RGBA,9c2e5798838c2cbe6261d2c9afa437051d5a937d6a955982511a222df6710403,,FAIL,PASS,PASS,FAIL,FAIL,FAIL,,,,,,,,,,,,,,,,
flora,Cardamom,Cardamom,FAIL,FAIL,,,,,,,,,,Current low rosette is too generic; add ginger-family leaves and basal flower/seed-pod cues.,False,Cardamom.png,440,440,RGBA,77ff714998471c471e3225d990a30468e68d34f38e5c25fc3c10d4318d48aadc,,FAIL,PASS,PASS,FAIL,FAIL,FAIL,,,,,,,,,,,,,,,,
flora,Cinnamon,Cinnamon,FAIL,FAIL,,,,,,,,,,Should be a woody shrub/tree with natural green leaves and bark/cinnamon cue.,False,Cinnamon.png,440,440,RGBA,9fdfecb20fc637fae638e564780e84bf93d7c5e6c2586bd1202c85b360ebcc3d,,FAIL,PASS,FAIL,FAIL,PASS,FAIL,,,,,,,,,,,,,,,,
flora,Cotton,Cotton,FAIL,FAIL,,,,,,,,,,Add multiple cotton bolls and a branching plant body.,False,Cotton.png,440,440,RGBA,afa09d4e216f19b6b135143ade35bf6277b4c49301c48fa0f9560d7375f853af,,FAIL,PASS,PASS,PASS,FAIL,FAIL,,,,,,,,,,,,,,,,
flora,Cucumber,Cucumber,FAIL,FAIL,,,,,,,,,,Use a creeping/climbing vine with broad leaves and attached cucumbers.,False,Cucumber.png,440,440,RGBA,3944b36f6ae119a259706085363645fd0fdf1ff8fb5b7921d4587943c25c874e,,FAIL,FAIL,PASS,FAIL,PASS,FAIL,,,,,,,,,,,,,,,,
flora,Dragon_Fruit,Dragon Fruit,FAIL,FAIL,,,,,,,,,,Add climbing/branching cactus stems and attached dragon fruit; current vertical columns are incomplete.,False,Dragon_Fruit.png,440,440,RGBA,ca38827a412551aba8b31f5d1ddfac60b3a21ef866f757261da09d788cf4430d,,FAIL,PASS,FAIL,PASS,FAIL,FAIL,,,,,,,,,,,,,,,,
flora,Ivy,Ivy,FAIL,FAIL,,,,,,,,,,Use a climbing vine with lobed leaves and attachment habit.,False,Ivy.png,440,440,RGBA,5f2fbd9a27483721a65b806a445f768923c906a02cd69cb3b77153c9cef65710,,FAIL,FAIL,PASS,FAIL,PASS,FAIL,,,,,,,,,,,,,,,,
flora,Mustard,Mustard,FAIL,FAIL,,,,,,,,,,Current tree-like form is incorrect; use branched herb with yellow flowers and seed pods.,False,Mustard.png,440,440,RGBA,13a493a775cd3cdf29a901f97c7c79465e222a37c18da59251f3c9d850836e42,,FAIL,PASS,FAIL,PASS,FAIL,FAIL,,,,,,,,,,,,,,,,
flora,Peanut,Peanut,FAIL,FAIL,,,,,,,,,,Add low compound-leaf plant and underground pod/harvest relationship.,False,Peanut.png,440,440,RGBA,1ecfc92a1896e902ddf099e6665381119212364f431618d507b27f2d526badff,,FAIL,FAIL,PASS,FAIL,FAIL,FAIL,,,,,,,,,,,,,,,,
flora,Sargassum,Sargassum,FAIL,FAIL,,,,,,,,,,Add branching fronds and numerous air bladders; current narrow tuft is insufficient.,False,Sargassum.png,440,440,RGBA,ba533bd2058e48a76a2c80f05d3eb65b538aeccd7276f127de7a2ea47efe0cf3,,FAIL,PASS,PASS,FAIL,PASS,FAIL,,,,,,,,,,,,,,,,
flora,Tea_Tree,Tea Tree,FAIL,FAIL,,,,,,,,,,Use a woody shrub/tree with narrow leaves and small flowers; current stem is generic.,False,Tea_Tree.png,440,440,RGBA,b3579f714fbc7b536dcf24403bd6aa274a110e6ca83786a56154108abceb16b3,,FAIL,PASS,FAIL,FAIL,FAIL,FAIL,,,,,,,,,,,,,,,,
fungi,Chanterelle,Chanterelle,FAIL,FAIL,,,,,,,,,,Current generic yellow mushrooms lack funnel caps and decurrent false gill ridges.,False,Chanterelle.png,440,440,RGBA,7271a7cd055097234cc8e4286db76326d3265d0c8d3026c5a32719e9fd828ca8,,,,,,,,FAIL,FAIL,FAIL,FAIL,,,,,,,,,,,,
fungi,Death_Cap,Death Cap,FAIL,FAIL,,,,,,,,,,"Current yellow generic mushrooms lack olive-green caps, ring, and basal volva.",False,Death_Cap.png,440,440,RGBA,dce61aecc53f7d74a5b2b6a6e4852ddde25054c881931be254bde9a1c7ad3669,,,,,,,,FAIL,FAIL,FAIL,FAIL,,,,,,,,,,,,
fungi,Destroying_Angel,Destroying Angel,FAIL,FAIL,,,,,,,,,,Current purple mushrooms should be white with ring and basal volva.,False,Destroying_Angel.png,440,440,RGBA,810c0ecbdc6a60d3a28a8636b70be66479cf0a1a56e888f1f0df3f1ab31dec83,,,,,,,,FAIL,FAIL,FAIL,FAIL,,,,,,,,,,,,
fungi,Earthstar,Earthstar,FAIL,FAIL,,,,,,,,,,Central spore sac is too dark and the star-shaped outer rays are not readable.,False,Earthstar.png,440,440,RGBA,5cfa0e8d6bde966406304817664f13021610f9dcab15b0159995efef289a9c23,,,,,,,,FAIL,FAIL,FAIL,FAIL,,,,,,,,,,,,
fungi,Jelly_Fungus,Jelly Fungus,FAIL,FAIL,,,,,,,,,,Current cap-and-stem mushrooms do not represent gelatinous lobes or ears.,False,Jelly_Fungus.png,440,440,RGBA,9d6e6acb119b00d64eb6414b60d95f779f4c086883469b12b5780aa5dde79765,,,,,,,,FAIL,FAIL,FAIL,FAIL,,,,,,,,,,,,
fungi,Lion\udcd4\udcc7\udcd6s_Mane,Lion\udcd4\udcc7\udcd6s Mane,FAIL,FAIL,,,,,,,,,,Filename encoding is malformed and the body needs clearer hanging tooth-like spines rather than rounded bulbs.,False,Lion\udcd4\udcc7\udcd6s_Mane.png,440,440,RGBA,4e0243f996a69ab5b1be7f62b1106dc9f6b9364453073693531f795d5c077592,,,,,,,,FAIL,FAIL,FAIL,FAIL,,,,,,,,,,,,
fungi,Morel,Morel,FAIL,FAIL,,,,,,,,,,Current cone lacks the defining deep honeycomb pits and irregular morel cap.,False,Morel.png,440,440,RGBA,e68360e5aa09d75ad165f25a3e756d1ae80f99638f6e14dc0a72bc27b794318b,,,,,,,,FAIL,FAIL,FAIL,FAIL,,,,,,,,,,,,
fungi,Shiitake,Shiitake,FAIL,FAIL,,,,,,,,,,Current bright red generic mushrooms do not match brown rounded shiitake caps and pale stems.,False,Shiitake.png,440,440,RGBA,e2c3d97f563debe253df9ea64fe72d495537e88a779d36e8b99046b832ed0711,,,,,,,,FAIL,FAIL,FAIL,FAIL,,,,,,,,,,,,
fungi,Yeast,Yeast,FAIL,FAIL,,,,,,,,,,Current mound is not budding unicellular yeast; show clusters of round/oval budding cells.,True,Yeast.png,440,440,RGBA,826c43c8737979c56a93bd958e8c082d019b80dfa701b1fe88e541ead8d2cf1e,,,,,,,,FAIL,FAIL,FAIL,FAIL,,,,,,,,,,,,
microbe,Foraminiferan,Foraminiferan,FAIL,FAIL,,,,,,,,,,Current clustered bubbles with rays lack a chambered test and radiating pseudopodia.,True,Foraminiferan.png,440,440,RGBA,4efe712a8a2877b575b5d9866be35f178c3eed8e9638e19be0b6a2447c94e3a7,,,,,,,,,,,,FAIL,FAIL,FAIL,FAIL,FAIL,,,,,,,
procedural,fungi-h1-s0,,FAIL,FAIL,,,,,,,,,,Exact duplicate procedural output detected with procedural:fungi-h1-s14. Seed/host combinations should produce visibly distinct phenotypes.,True,fungi-h1-s0.png,440,440,RGBA,65de863f68fcf1ef10019547add9325f17e52cf6c4f9666ffa1c0fa49dc940a1,procedural:fungi-h1-s14,,,,,,,,,,,,,,,,fungi,PASS,N/A,POLISH,N/A,PASS,FAIL
procedural,fungi-h1-s14,,FAIL,FAIL,,,,,,,,,,Exact duplicate procedural output detected with procedural:fungi-h1-s0. Seed/host combinations should produce visibly distinct phenotypes.,True,fungi-h1-s14.png,440,440,RGBA,65de863f68fcf1ef10019547add9325f17e52cf6c4f9666ffa1c0fa49dc940a1,procedural:fungi-h1-s0,,,,,,,,,,,,,,,,fungi,PASS,N/A,POLISH,N/A,PASS,FAIL
procedural,microbe-h0-s5,,FAIL,FAIL,,,,,,,,,,"Exact duplicate procedural output detected with procedural:microbe-h2-s9, procedural:microbe-h2-s17, procedural:microbe-h2-s5. Seed/host combinations should produce visibly distinct phenotypes.",True,microbe-h0-s5.png,440,440,RGBA,ea315075ef5fc2e6000f3bdfad4ea8e2f31eb08ddd224b902e8e4eae404f54bb,procedural:microbe-h2-s9 | procedural:microbe-h2-s17 | procedural:microbe-h2-s5,,,,,,,,,,,,,,,,microbe,PASS,N/A,POLISH,N/A,PASS,FAIL
procedural,microbe-h2-s17,,FAIL,FAIL,,,,,,,,,,"Exact duplicate procedural output detected with procedural:microbe-h0-s5, procedural:microbe-h2-s9, procedural:microbe-h2-s5. Seed/host combinations should produce visibly distinct phenotypes.",True,microbe-h2-s17.png,440,440,RGBA,ea315075ef5fc2e6000f3bdfad4ea8e2f31eb08ddd224b902e8e4eae404f54bb,procedural:microbe-h0-s5 | procedural:microbe-h2-s9 | procedural:microbe-h2-s5,,,,,,,,,,,,,,,,microbe,PASS,N/A,POLISH,N/A,PASS,FAIL
procedural,microbe-h2-s5,,FAIL,FAIL,,,,,,,,,,"Exact duplicate procedural output detected with procedural:microbe-h0-s5, procedural:microbe-h2-s9, procedural:microbe-h2-s17. Seed/host combinations should produce visibly distinct phenotypes.",True,microbe-h2-s5.png,440,440,RGBA,ea315075ef5fc2e6000f3bdfad4ea8e2f31eb08ddd224b902e8e4eae404f54bb,procedural:microbe-h0-s5 | procedural:microbe-h2-s9 | procedural:microbe-h2-s17,,,,,,,,,,,,,,,,microbe,PASS,N/A,POLISH,N/A,PASS,FAIL
procedural,microbe-h2-s9,,FAIL,FAIL,,,,,,,,,,"Exact duplicate procedural output detected with procedural:microbe-h0-s5, procedural:microbe-h2-s17, procedural:microbe-h2-s5. Seed/host combinations should produce visibly distinct phenotypes.",True,microbe-h2-s9.png,440,440,RGBA,ea315075ef5fc2e6000f3bdfad4ea8e2f31eb08ddd224b902e8e4eae404f54bb,procedural:microbe-h0-s5 | procedural:microbe-h2-s17 | procedural:microbe-h2-s5,,,,,,,,,,,,,,,,microbe,PASS,N/A,POLISH,N/A,PASS,FAIL
