asset_id,display_name,current_status,binary_result,previous_strict_status,changed_from_previous_submission,cell_or_body_morphology,membrane_shell_wall,locomotion_structures,internal_structures,colony_or_scale_read,current_assessment_and_required_fix,filename,width,height,mode,sha256,previous_sha256
Acidophile,Acidophile,HOLD,FAIL,HOLD,True,PASS,POLISH,POLISH,POLISH,POLISH,"The rod morphology is plausible, but “acidophile” is an ecology label rather than a body type. Pair it with a defined bacterial/archaeal morphology and acid-adaptation material cues.",Acidophile.png,440,440,RGBA,cf493a74dc3ae5524a6dc9fc5351484cf74162b5683cfa9901cc1ec05bae64ee,582685f3a471bd8ea19042a7155d7bd7c97d9d98ad0c6a3ff97b7892993b6957
Amoeba,Amoeba,PASS,PASS,PASS,True,PASS,PASS,PASS,PASS,PASS,"The irregular cell outline, pseudopod-like lobe, nucleus and vacuoles are recognizable.",Amoeba.png,440,440,RGBA,6598feb6937535ae7f0b897ca0abfcef09d7bfe4cfbb2508fbae70dcff7d4b22,00f1d1a5fb2095c765230df82c08db7e30a451361ff84767c520db0276a8659f
Bioluminescent_Plankton,Bioluminescent Plankton,PASS,PASS,HOLD,True,PASS,PASS,PASS,PASS,PASS,The flagellated glowing plankton cells are coherent and readable.,Bioluminescent_Plankton.png,440,440,RGBA,67794fb6dabb70c0470a8280ed67b7456e0fe31ba4b2700987feab7aac6356d1,9e0571913a9a1781da883a1ab9dad5baa9843a18113c50e2097ab89f83a4a963
Cryophile,Cryophile,HOLD,FAIL,HOLD,True,PASS,POLISH,POLISH,POLISH,POLISH,"The rods are plausible, but add a specified cell type and cold-adaptation cues such as membrane/sheath or colony structure.",Cryophile.png,440,440,RGBA,e527303cf05cb9c17af2e8e88cf0fe4603e40a7ddacb0ab0abe9fa6bcba33b42,8f919f0fb611985f5e583db86667531b0e81ba72d91f6a66dad64aee183e360f
Cyanobacteria,Cyanobacteria,PASS,PASS,PASS,True,PASS,PASS,PASS,PASS,PASS,The long filamentous chains with specialized cells are recognizable.,Cyanobacteria.png,440,440,RGBA,9afbd9438774232757d0e560a080419044b919596cd93b71b5073557ad44bba8,3a57262608d0eb9e353e7f84eeec77cfb89702ac104251be6e7fedfc8b9a0bf9
Diatom,Diatom,PASS,PASS,PASS,True,PASS,PASS,PASS,PASS,PASS,The rigid symmetric silica frustule is clear.,Diatom.png,440,440,RGBA,eaa6e3cf523adf71372a83546a8ae835d4d850b4131a982613d7304ac102bbef,04b4479a67a34297c2688a3fcd27c103b2264e92a8a8c6ec0773a804a28df6b5
Dinoflagellate,Dinoflagellate,HOLD,FAIL,HOLD,False,PASS,POLISH,POLISH,POLISH,POLISH,"The armored radial cell reads as plankton, but add the transverse groove and two flagella that define dinoflagellates.",Dinoflagellate.png,440,440,RGBA,c986a1b4a33558c664cea171b353870cb9dfa2727fa5cfe2cbdfc887e322e170,c986a1b4a33558c664cea171b353870cb9dfa2727fa5cfe2cbdfc887e322e170
Euglena,Euglena,HOLD,FAIL,PASS,False,PASS,PASS,PASS,PASS,PASS,"The green elongated cell and internal structures read, but add a clear flagellum, eyespot and more spindle-shaped body.",Euglena.png,440,440,RGBA,9474917b42f60210f17d0edb67e7569d895d18b36439d8b3ffbde166f4187e02,9474917b42f60210f17d0edb67e7569d895d18b36439d8b3ffbde166f4187e02
Foraminiferan,Foraminiferan,PASS,PASS,FAIL,False,PASS,PASS,PASS,PASS,PASS,The chambered cluster and radiating pseudopodia now clearly read as a foraminiferan.,Foraminiferan.png,440,440,RGBA,4efe712a8a2877b575b5d9866be35f178c3eed8e9638e19be0b6a2447c94e3a7,4efe712a8a2877b575b5d9866be35f178c3eed8e9638e19be0b6a2447c94e3a7
Halophile,Halophile,HOLD,FAIL,HOLD,True,PASS,POLISH,POLISH,POLISH,POLISH,"The rod cells are plausible, but the ecology label needs a defined base morphology plus salt-adaptation surface/colony cues.",Halophile.png,440,440,RGBA,595e3fc0a595b35eab68fe0ee3c4fab644efe2a688009ea9961314676ab3be80,1140b177925d4e17409b3991a3788a7c995bdc3d58053a16ebd3ee7f474c1129
Iron-Oxidizing_Bacteria,Iron Oxidizing Bacteria,HOLD,FAIL,HOLD,True,PASS,POLISH,POLISH,POLISH,POLISH,Colony is readable but generic; add filament/stalk or mineral-associated growth.,Iron-Oxidizing_Bacteria.png,440,440,RGBA,12fa8354d1232cad2d3e37c75602512a26c2b26dc2af387cf5f2c306a22d25a6,d6e345b0eabd1af14e8ec2547349ccd5eddbd23ef8a6b820accbccf56f54c4e9
Methanogen,Methanogen,HOLD,FAIL,HOLD,True,PASS,POLISH,POLISH,POLISH,POLISH,The rods are plausible but generic; specify coccoid/rod/filament type and add archaeal colony or gas-associated cues.,Methanogen.png,440,440,RGBA,9cb45b20528868af234d25776bb1dab2e5658bfda69eaf63cee3683233db73a9,a3d4e181913cf8849c9555aa68b5f6ef841a88f127df81bc065fd562e465cd6a
Nitrogen-Fixing_Bacteria,Nitrogen Fixing Bacteria,HOLD,FAIL,HOLD,True,PASS,POLISH,POLISH,POLISH,POLISH,Colony is readable but generic; add rods/chains and optional root-nodule context.,Nitrogen-Fixing_Bacteria.png,440,440,RGBA,3458440a24fea1b48d12bc4cb691cda7f3e1ae52179a7cb2047f8338b4300a3d,b8987903186a804531ecb5b68d576b48e202e42cf4770658d1ea58a7104a93ce
Paramecium,Paramecium,PASS,PASS,PASS,True,PASS,PASS,PASS,PASS,PASS,"The slipper-shaped ciliate body, surface cilia and internal structures are recognizable.",Paramecium.png,440,440,RGBA,7304a4e56767398720450ff82b4e67b831c69626cc766ab743a66e4a6adaa6d0,be74acb3e3308be33c1e0a7819b3ca1f484e3e603ddc1ee082a05177b16974fd
Radiation-Resistant_Microbe,Radiation Resistant Microbe,HOLD,FAIL,HOLD,True,PASS,POLISH,POLISH,POLISH,POLISH,Colony is readable but generic; add tetrad/cluster morphology and stronger radiation-shielding cues.,Radiation-Resistant_Microbe.png,440,440,RGBA,1d1f07097d3d7f83e68b8ea48741072cadf19f869f2c29a377f4a1b214a02a1a,4cec0716a605fe9bc3acbc5d5b4202d07bd672262bf704b2e7edce549ce6f011
Radiolarian,Radiolarian,PASS,PASS,HOLD,False,PASS,PASS,PASS,PASS,PASS,The radial mineral shell and internal geometry are recognizable.,Radiolarian.png,440,440,RGBA,7e957b0a5e7025c495e093a10d0b5a9d223252685c4f308144d9bc4f698935cf,7e957b0a5e7025c495e093a10d0b5a9d223252685c4f308144d9bc4f698935cf
Red-Tide_Algae,Red Tide Algae,HOLD,FAIL,HOLD,True,PASS,POLISH,POLISH,POLISH,POLISH,Pigmented colony reads; add dinoflagellate or algal cell morphology rather than only colored spheres.,Red-Tide_Algae.png,440,440,RGBA,26c80c0ea16429d5d0d1aba7773b17d87af398da05171b0ee8e5ecf08c3cfaf9,5545d9153b4afc22b140e1488e4ca3538138deb6590c9c409610472e324ef604
Snow_Algae,Snow Algae,HOLD,FAIL,BLOCKER,False,POLISH,POLISH,POLISH,POLISH,POLISH,"The red cells on an icy/snowy field communicate the phenomenon, but this is an environmental colony view rather than a distinct cell morphology.",Snow_Algae.png,440,440,RGBA,89db76c871752a545b25109a700432b5531033389c3b006407621d971ba43e00,89db76c871752a545b25109a700432b5531033389c3b006407621d971ba43e00
Sulfur-Oxidizing_Bacteria,Sulfur Oxidizing Bacteria,HOLD,FAIL,HOLD,True,PASS,POLISH,POLISH,POLISH,POLISH,Colony is readable but generic; add filament/mat morphology and sulfur granules.,Sulfur-Oxidizing_Bacteria.png,440,440,RGBA,f42fa7d9c87db65da71fd2a7cd8a553de14dcedee651dca3eac59eb26b233ce1,cf4233b3e6a63c4e23016f7855737d97d463236b0511a5505c270d4415875af1
Thermophile,Thermophile,HOLD,FAIL,HOLD,True,PASS,POLISH,POLISH,POLISH,POLISH,"The rods are plausible, but define the base organism and add heat-adaptation or mat/colony cues instead of relying only on color.",Thermophile.png,440,440,RGBA,b33cc8109c75a6a8b3a95a6beb2ef0a20e6b43aad9dbefc9f6bc14896138ab56,cb6fb425d41f9e6262cc35b4c868b8989d937c848a3eb55734e2d3e1528057ca
