asset_id,display_name,current_status,binary_result,previous_strict_status,changed_from_previous_submission,fruiting_body_family,cap_body,stem_attachment_substrate,surface_spores_texture,current_assessment_and_required_fix,filename,width,height,mode,sha256,previous_sha256
Bioluminescent_Mushroom,Bioluminescent Mushroom,PASS,PASS,PASS,True,PASS,PASS,PASS,PASS,The cap-and-stem cluster and localized glow are clear.,Bioluminescent_Mushroom.png,440,440,RGBA,b3e25013204b48dc76fb7f7f3929dc7c503a2de4b8afe6fbff5085a059d3b2c6,a277f69e2d28219dc9e0c0a0c9a3f94ef9c295df4ebec7ae0765fa519df85157
Black_Truffle,Black Truffle,PASS,PASS,PASS,True,PASS,PASS,PASS,PASS,The irregular underground fruiting body and cut interior are recognizable.,Black_Truffle.png,440,440,RGBA,2d437a221a9dafafbbbd8f618f192069341f1b3302704a5121abdc84e1793999,403d81d2ddc1ce5056a3313ee55541a86fcec3923302c2758b20d911ddf3120e
Bracket_Fungus,Bracket Fungus,PASS,PASS,PASS,False,PASS,PASS,PASS,PASS,The lateral shelf growth on wood is clear; optional polish is to vary shelf thickness and edge shape.,Bracket_Fungus.png,440,440,RGBA,b3f5e6a614f9160a4517b1e3f542f8ebe4054ce0d20764fe47ce5e597407f426,b3f5e6a614f9160a4517b1e3f542f8ebe4054ce0d20764fe47ce5e597407f426
Chanterelle,Chanterelle,FAIL,FAIL,FAIL,True,FAIL,FAIL,FAIL,FAIL,The current three regular flat-capped mushrooms do not look like chanterelles. Use funnel/trumpet caps with wavy margins and blunt false-gill ridges running down the stem.,Chanterelle.png,440,440,RGBA,d33fc3db340396052c98d4baa058d6e03637844d9d3b56378b27df70a5c67897,7271a7cd055097234cc8e4286db76326d3265d0c8d3026c5a32719e9fd828ca8
Chicken-of-the-Woods,Chicken of the Woods,FAIL,FAIL,PASS,False,PASS,PASS,PASS,PASS,"The shelf family is correct, but the pale blue-white blades are wrong. Use thick overlapping orange/yellow fan-shaped lobes with irregular margins.",Chicken-of-the-Woods.png,440,440,RGBA,518974ccafd5b70d9c201767d7ac917bb19214115122f1df1839b0741079e602,518974ccafd5b70d9c201767d7ac917bb19214115122f1df1839b0741079e602
Coral_Fungus,Coral Fungus,PASS,PASS,PASS,True,PASS,PASS,PASS,PASS,The branching coral-like fruiting body is recognizable.,Coral_Fungus.png,440,440,RGBA,953bbba045110e5dd1be00bb8c19da52ae0d89e325dc01b532fbebbe594a27b7,b936ba0fd7462ea223b8c6ef18696336376ce884b7c864ab7c140402b8b37370
Cordyceps,Cordyceps,PASS,PASS,HOLD,True,PASS,PASS,PASS,PASS,The upright parasitic club-like fruiting bodies on a substrate now read as cordyceps.,Cordyceps.png,440,440,RGBA,c375269fa0d75c7f05b146d0076efc8df6c82229fad5b4fdb2b88e624599230a,cd8eb2ae7583931cb181a9c6211420b06457f3f9dd8b12729ec1248ae68e4c34
Death_Cap,Death Cap,PASS,PASS,FAIL,True,PASS,PASS,PASS,PASS,"The greenish cap, pale stem and basal structure are sufficiently recognizable.",Death_Cap.png,440,440,RGBA,8729d826830e609c946172d9d8fd1b9482c6292dc2557c7a74f6b58ae471ab5a,dce61aecc53f7d74a5b2b6a6e4852ddde25054c881931be254bde9a1c7ad3669
Destroying_Angel,Destroying Angel,PASS,PASS,FAIL,True,PASS,PASS,PASS,PASS,The white cap-and-stem amanita form is recognizable.,Destroying_Angel.png,440,440,RGBA,abea43cb5466560790065da5f606814673ddadc0ce440e6e5a2cab489546936f,810c0ecbdc6a60d3a28a8636b70be66479cf0a1a56e888f1f0df3f1ab31dec83
Earthstar,Earthstar,FAIL,FAIL,FAIL,False,FAIL,FAIL,FAIL,FAIL,The image is a dark round ball with little or no visible star. Add multiple leathery outer rays opened around a central spore sac.,Earthstar.png,440,440,RGBA,5cfa0e8d6bde966406304817664f13021610f9dcab15b0159995efef289a9c23,5cfa0e8d6bde966406304817664f13021610f9dcab15b0159995efef289a9c23
Enoki,Enoki,PASS,PASS,PASS,True,PASS,PASS,PASS,PASS,The dense cluster of long thin white stems and tiny caps is clear.,Enoki.png,440,440,RGBA,06b52cc7668d26d01b5e3b1763670d045e124f687bcca9a30a08d36c8e750d03,71f98bddff033b20f40551ce29cd9725e5d5f62d5ee4b19de1bf8dcccb45b2b3
Fly_Agaric,Fly Agaric,PASS,PASS,PASS,False,PASS,PASS,PASS,PASS,Red caps with white spots and pale stems are unmistakable.,Fly_Agaric.png,440,440,RGBA,f6b79d2afd93981d1a42335fe5d397feaefd6dd7dbb82ff033f35724ba42a106,f6b79d2afd93981d1a42335fe5d397feaefd6dd7dbb82ff033f35724ba42a106
Giant_Puffball,Giant Puffball,PASS,PASS,PASS,True,PASS,PASS,PASS,PASS,The large round white fruiting bodies read correctly.,Giant_Puffball.png,440,440,RGBA,410229f45a565d0b4fb0c633b41fd8ee571489eda4281a159dc83de090d45a48,57984858f876e2d29e6bb399e749a4a1fd80f6700504858675b71c400022aec5
Jelly_Fungus,Jelly Fungus,PASS,PASS,FAIL,True,PASS,PASS,PASS,PASS,The irregular gelatinous orange lobe is recognizable.,Jelly_Fungus.png,440,440,RGBA,26d51f2820a7bef7d3baf7cfc819b5eae58c90b856579efd51e5ef0e0a5d16e4,9d6e6acb119b00d64eb6414b60d95f779f4c086883469b12b5780aa5dde79765
Lion’s_Mane,Lion’s Mane,HOLD,FAIL,,False,POLISH,POLISH,POLISH,POLISH,,Lion’s_Mane.png,440,440,RGBA,4e0243f996a69ab5b1be7f62b1106dc9f6b9364453073693531f795d5c077592,4e0243f996a69ab5b1be7f62b1106dc9f6b9364453073693531f795d5c077592
Maitake,Maitake,PASS,PASS,HOLD,False,PASS,PASS,PASS,PASS,The layered brown rosette of many overlapping fronds is recognizable.,Maitake.png,440,440,RGBA,90816922a0a85eb55b091b54143b601593ee1fee24c24f5c6601819272212e19,90816922a0a85eb55b091b54143b601593ee1fee24c24f5c6601819272212e19
Mildew,Mildew,HOLD,FAIL,HOLD,False,PASS,POLISH,POLISH,POLISH,"The spreading surface patch reads, but make it flatter/fuzzier and more clearly attached to a leaf or substrate.",Mildew.png,440,440,RGBA,2075ad0009ca5e1a6104c5498d097a68b3e605b9a82b14b05aadf7d22a0ba6ec,2075ad0009ca5e1a6104c5498d097a68b3e605b9a82b14b05aadf7d22a0ba6ec
Mold,Mold,HOLD,FAIL,HOLD,True,PASS,POLISH,POLISH,POLISH,The fuzzy colony concept reads; add clearer filament/hypha texture and substrate context.,Mold.png,440,440,RGBA,aa2fcede79a7a79143da63c1064930e61cd4ee62b5b47fb38ca34a6c68723c3e,ff29d3e820f13766cbc56bbadf77176bbd8746b019aa377d6bb6629d8d6b67e9
Morel,Morel,PASS,PASS,FAIL,True,PASS,PASS,PASS,PASS,The tall pitted honeycomb cap and pale stem are recognizable.,Morel.png,440,440,RGBA,cef48b19a0a3038212d7c798840ca2c220b5a16ed81b525fcdff9682196a8888,e68360e5aa09d75ad165f25a3e756d1ae80f99638f6e14dc0a72bc27b794318b
Oyster_Mushroom,Oyster Mushroom,PASS,PASS,PASS,False,PASS,PASS,PASS,PASS,The overlapping lateral fan-shaped shelves attached to wood read correctly.,Oyster_Mushroom.png,440,440,RGBA,5524b11980735eac416673d40a5aff4573cf9ed32e6032bdb2ec6e637cf80456,5524b11980735eac416673d40a5aff4573cf9ed32e6032bdb2ec6e637cf80456
Porcini,Porcini,PASS,PASS,HOLD,True,PASS,PASS,PASS,PASS,The stout bolete body with thick stem and rounded brown cap is recognizable.,Porcini.png,440,440,RGBA,e4f38b53a0d3d3f93d30421a9ed29d1eff3eaac87ec7674619622f9a23df56c4,33ee130caa923c14920b292fd978415187ceaf1c9461548083fa2105313f9f86
Reindeer_Lichen,Reindeer Lichen,PASS,PASS,BLOCKER,False,PASS,PASS,PASS,PASS,The pale branching cushion/mat now reads correctly and canonical ownership is confined to fungi.,Reindeer_Lichen.png,440,440,RGBA,215a932e0f3ed38325bd21bdb2598feb6fe0c433543dfd4b115f6244f24b2c4d,215a932e0f3ed38325bd21bdb2598feb6fe0c433543dfd4b115f6244f24b2c4d
Shelf_Fungus,Shelf Fungus,PASS,PASS,PASS,False,PASS,PASS,PASS,PASS,The repeated lateral shelves on wood are clear.,Shelf_Fungus.png,440,440,RGBA,0b6a8a30f590a4923ed585701e6289ca6bded5cfd82f5dca661fa8e4a47a4fc7,0b6a8a30f590a4923ed585701e6289ca6bded5cfd82f5dca661fa8e4a47a4fc7
Shiitake,Shiitake,PASS,PASS,FAIL,True,PASS,PASS,PASS,PASS,The brown cap-and-stem mushrooms are acceptable; optional polish is a broader darker cap and textured surface.,Shiitake.png,440,440,RGBA,2f8e60a17757557a8bc58f8c8d0eee1e2365186f2e40e44f26fb44878afdc047,e2c3d97f563debe253df9ea64fe72d495537e88a779d36e8b99046b832ed0711
Stinkhorn,Stinkhorn,PASS,PASS,HOLD,False,PASS,PASS,PASS,PASS,The tall pale stalks and dark slimy caps are recognizable.,Stinkhorn.png,440,440,RGBA,381cf4e9d0d264a981e03033cdd9386031da867ea1fd6315991308f225e9e198,381cf4e9d0d264a981e03033cdd9386031da867ea1fd6315991308f225e9e198
Turkey_Tail,Turkey Tail,PASS,PASS,HOLD,True,PASS,PASS,PASS,PASS,The layered fan shelves attached to wood are recognizable.,Turkey_Tail.png,440,440,RGBA,0af5396adeb0f8a81c98cbff5a29231d42523459323c77417227255b15dcbb12,fbc43c055e46c4dfa2a9002e2158d9fdcd6ac22b8d63bf90d6411ee32d8dd887
Yeast,Yeast,FAIL,FAIL,FAIL,False,FAIL,FAIL,FAIL,FAIL,The current sparkling mound does not show yeast cells. Use a microscopic cluster of oval budding cells with visible daughter buds rather than a fuzzy colony heap.,Yeast.png,440,440,RGBA,826c43c8737979c56a93bd958e8c082d019b80dfa701b1fe88e541ead8d2cf1e,826c43c8737979c56a93bd958e8c082d019b80dfa701b1fe88e541ead8d2cf1e
