filename,neighbor_1,neighbor_2,neighbor_3,neighbor_4,neighbor_5,similarity_1,similarity_2,similarity_3,similarity_4,similarity_5
Acacia.png,Cherry.png,Mesquite.png,Star_Anise.png,Breadnut.png,Yew.png,0.9370014667510986,0.9274723529815674,0.9271008372306824,0.9227809906005859,0.9218101501464844
Acai.png,Mugwort.png,Ginseng.png,Buttercup.png,Wild_Mustard.png,Mustard.png,0.48877274990081787,0.4885430634021759,0.48148661851882935,0.4770343005657196,0.4722878932952881
Acorn.png,Mulberry.png,Pear.png,Apricot.png,Tamarind.png,Birch_Sap.png,0.9198471903800964,0.9094833135604858,0.8975111842155457,0.8949062824249268,0.8877708315849304
African_Ginger.png,Bitterroot.png,Sea_Purslane.png,Arnica.png,Dandelion.png,Aloe.png,0.8827120065689087,0.8668302297592163,0.8644399046897888,0.8624099493026733,0.8591534495353699
Agave.png,Ginger.png,Bitterroot.png,Wild_Rhubarb.png,Turmeric.png,Sea_Purslane.png,0.8158941864967346,0.8145024180412292,0.8140873908996582,0.8110934495925903,0.8109912872314453
Air_Plant.png,Bitterroot.png,Ginger.png,African_Ginger.png,Arnica.png,Dandelion.png,0.7546071410179138,0.7495220899581909,0.7438057661056519,0.7229564189910889,0.722687304019928
Alfalfa.png,Buckwheat.png,Potato.png,Chamomile.png,Fennel.png,Wormwood.png,0.8318655490875244,0.8300667405128479,0.8246383666992188,0.8216140866279602,0.8181710243225098
Aloe.png,Arnica.png,African_Ginger.png,Bitterroot.png,Edelweiss.png,Dandelion.png,0.8786256909370422,0.8591534495353699,0.8458538055419922,0.8431219458580017,0.839945375919342
Alpine_Mint.png,Wild_Mint.png,Wild_Sesame.png,Black-Eyed_Susan.png,Thyme.png,Miner's_Lettuce.png,0.8596111536026001,0.8288715481758118,0.7740941643714905,0.7201988697052002,0.7050096988677979
Alpine_Sorrel.png,Arctic_Sorrel.png,Wild_Ginger.png,Mountain_Sorrel.png,Arrowhead.png,Pickerelweed.png,0.9458182454109192,0.9443585276603699,0.9436839818954468,0.9363243579864502,0.931823194026947
Amaranth.png,Wormwood.png,Riverbank_Nettle.png,Licorice_Root.png,Sunflower.png,Oregano.png,0.9308002591133118,0.910240888595581,0.9098675847053528,0.9031896591186523,0.9016548991203308
Angel's_Trumpet.png,Saltbush.png,Hazelnut.png,Serviceberry.png,Elderberry.png,Mountain_Blueberry.png,0.811647355556488,0.7916586995124817,0.7804273366928101,0.7670350074768066,0.7649412155151367
Angelica.png,Anise.png,Buttercup.png,Nettle.png,Licorice_Root.png,Water_Hemlock.png,0.8633697628974915,0.8406714797019958,0.8373311758041382,0.8302103877067566,0.8264774084091187
Anise.png,Valerian.png,Nettle.png,Water_Hemlock.png,Oregano.png,Buttercup.png,0.9250307679176331,0.9148885607719421,0.9103876352310181,0.908454418182373,0.9071528315544128
Apple.png,Starfruit.png,Acacia.png,Rambutan.png,Cinnamon.png,Plum.png,0.9113295674324036,0.9071431756019592,0.9059094190597534,0.9044508337974548,0.902360200881958
Apricot.png,Tamarind.png,Birch_Sap.png,Cashew.png,Lemon.png,Mesquite.png,0.9417629241943359,0.940217912197113,0.9196562767028809,0.915374219417572,0.9112752079963684
Arctic_Blueberry.png,Wild_Guava.png,Hazelnut.png,Juniper.png,Rabbitbrush.png,Bog_Rosemary.png,0.7739571928977966,0.7681023478507996,0.7596486806869507,0.7518522143363953,0.7460516691207886
Arctic_Sorrel.png,Alpine_Sorrel.png,Wild_Ginger.png,Mountain_Sorrel.png,Arrowhead.png,Pickerelweed.png,0.9458182454109192,0.9298267364501953,0.9291934967041016,0.9248348474502563,0.9190462827682495
Arctic_Willow.png,Hazelnut.png,Bog_Rosemary.png,Rabbitbrush.png,Cassava.png,Elderberry.png,0.7929283380508423,0.7737221121788025,0.7712699770927429,0.7610874772071838,0.7608884572982788
Arnica.png,Edelweiss.png,Aloe.png,Sea_Purslane.png,Sea_Kale.png,Prickly_Pear.png,0.887995183467865,0.8786256909370422,0.877029299736023,0.8752925395965576,0.8710227012634277
Arrowhead.png,Mountain_Sorrel.png,Wild_Ginger.png,Alpine_Sorrel.png,Violet.png,Scurvy_Grass.png,0.950555145740509,0.9471963047981262,0.9363243579864502,0.9357547760009766,0.9303264021873474
Arrowroot.png,Cardamom.png,Sea_Beet.png,Beet.png,Watercress.png,Wood_Sorrel.png,0.8524964451789856,0.8429661393165588,0.8257105946540833,0.8114224672317505,0.8005549311637878
Avocado.png,Neem.png,Tree_Tomato.png,Redwood.png,Fig.png,Eucalyptus.png,0.9183371067047119,0.9183126091957092,0.9157168865203857,0.9073545336723328,0.9057650566101074
Bamboo_Shoots.png,Rush_Shoots.png,Papyrus_Shoots.png,Saltgrass.png,Wild_Garlic.png,Garlic.png,0.7425577044487,0.7296399474143982,0.7180346846580505,0.6566326022148132,0.6443877816200256
Banana.png,Date.png,Pandanus_Fruit.png,Date_Palm.png,Nipa_Palm_Fruit.png,Coconut.png,0.9676598310470581,0.9657280445098877,0.9593327641487122,0.9478657245635986,0.8986046314239502
Baobab.png,Nutmeg.png,Spruce_Tips.png,Orange.png,Camphor_Tree.png,Date_Plum.png,0.9301927089691162,0.9291833639144897,0.9244266152381897,0.9159018993377686,0.9152281880378723
Barley.png,Millet.png,Onion.png,Wild_Rice.png,Wild_Rye.png,Wild_Garlic.png,0.8233774900436401,0.7966592907905579,0.7964538335800171,0.7650920152664185,0.7429236173629761
Barrel_Cactus_Fruit.png,Desert_Rose.png,Glasswort.png,Samphire.png,Mustard.png,Ginseng.png,0.952854573726654,0.9329519271850586,0.8362787961959839,0.7974162101745605,0.7906907200813293
Bay_Laurel.png,Currant.png,Saltbush.png,Lingonberry.png,Dulse.png,Chokecherry.png,0.7301313877105713,0.7253899574279785,0.722808837890625,0.691903293132782,0.68360835313797
Beach_Morning_Glory.png,Canopy_Vine.png,Sweet_Potato.png,Desert_Melon.png,White_Grape.png,Wild_Melon.png,0.9514942169189453,0.8849724531173706,0.8217624425888062,0.8208506107330322,0.8020998239517212
Beach_Pea.png,Water_Spinach.png,Wild_Yam.png,Red_Grape.png,Melon.png,Black_Pepper.png,0.7332743406295776,0.6998111009597778,0.6628755927085876,0.6584082245826721,0.6445744037628174
Beach_Plum.png,Hazelnut.png,Cashew.png,Lime.png,Cliff_Rose.png,Birch_Sap.png,0.7808231115341187,0.7551564574241638,0.7493187189102173,0.7464902997016907,0.7456430792808533
Bearberry.png,Gooseberry.png,Currant.png,Blueberry.png,Sea_Grape.png,Baobab.png,0.6863407492637634,0.6787769794464111,0.6751022934913635,0.6728402376174927,0.6721606254577637
Beet.png,Sea_Beet.png,Cardamom.png,Taro.png,Maidenhair_Fern.png,Hardy_Fern.png,0.9162871241569519,0.8629785776138306,0.8577564358711243,0.8386486172676086,0.8386280536651611
Belladonna.png,Sesame.png,Devil's_Claw.png,Solomon's_Seal.png,Sunflower.png,Anise.png,0.8304343819618225,0.8263140916824341,0.7973472476005554,0.7936972379684448,0.7926764488220215
Bergamot.png,Brooklime.png,Mint.png,Cloudberry.png,Licorice_Root.png,Buttercup.png,0.8715137839317322,0.8573715686798096,0.7568466663360596,0.7476574778556824,0.7321931719779968
Bilberry.png,Yerba_Mate.png,Bog_Rosemary.png,Juniper.png,Wild_Guava.png,Tea_Tree.png,0.8187754154205322,0.7925269603729248,0.7663190960884094,0.7633973360061646,0.7618527412414551
Birch_Sap.png,Tamarind.png,Mesquite.png,Lemon.png,Apricot.png,Cashew.png,0.943886399269104,0.9429922699928284,0.9406582713127136,0.940217912197113,0.9273023009300232
Bitterroot.png,African_Ginger.png,Sea_Purslane.png,Arnica.png,Edelweiss.png,Aloe.png,0.8827120065689087,0.8628711700439453,0.8624826073646545,0.8542169332504272,0.8458538055419922
Black-Eyed_Susan.png,Thyme.png,Water_Mint.png,Alpine_Mint.png,Miner's_Lettuce.png,Sea_Rocket.png,0.9129920601844788,0.8698028326034546,0.7740941643714905,0.7162551879882812,0.6536502838134766
Black_Grape.png,Grape.png,Passionflower.png,Melon.png,Ivy.png,Wild_Melon.png,0.8218488693237305,0.8065831661224365,0.7897414565086365,0.7885053157806396,0.7866314053535461
Black_Pepper.png,Vanilla_Orchid.png,Water_Spinach.png,Black_Grape.png,Beach_Pea.png,Passionflower.png,0.774821400642395,0.7476618885993958,0.6560449004173279,0.6445744037628174,0.6200127601623535
Blackberry.png,Dulse.png,Seagrass.png,Raspberry.png,Sugar_Kelp.png,Rose_Hip.png,0.7868862152099609,0.7739790678024292,0.772032618522644,0.7698935270309448,0.7676922082901001
Bladderwrack.png,Giant_Kelp.png,Wakame.png,Sargassum.png,Red_Algae.png,Coralline_Algae.png,0.9839896559715271,0.9829050302505493,0.9824040532112122,0.9798061847686768,0.9743828773498535
Blueberry.png,Mountain_Cranberry.png,Currant.png,Hazelnut.png,Wild_Guava.png,Dulse.png,0.8609333634376526,0.8304979205131531,0.8214136958122253,0.8142476081848145,0.8103561401367188
Bog_Myrtle.png,Desert_Sage.png,Labrador_Tea.png,Serviceberry.png,Currant.png,Hazelnut.png,0.7113962173461914,0.7048264741897583,0.6989862322807312,0.69767165184021,0.6950995326042175
Bog_Rosemary.png,Juniper.png,Bilberry.png,Rabbitbrush.png,Dulse.png,Wild_Guava.png,0.8382344245910645,0.7925269603729248,0.7859174609184265,0.7826599478721619,0.7807211875915527
Brazil_Nut.png,Redwood.png,Crabapple.png,Eucalyptus.png,Avocado.png,Neem.png,0.9051288366317749,0.8946059346199036,0.8837452530860901,0.882027804851532,0.8731247782707214
Breadfruit.png,Maple_Sap.png,Chestnut.png,Peach.png,Yew.png,Cedar.png,0.9206139445304871,0.915753960609436,0.9124045968055725,0.8994457125663757,0.8992710113525391
Breadnut.png,Mesquite.png,Yew.png,Rambutan.png,Jujube.png,Acacia.png,0.9254984259605408,0.9251340627670288,0.924118161201477,0.9232452511787415,0.9227809906005859
Bromeliad.png,Plantain_Herb.png,Agave.png,Bitterroot.png,African_Ginger.png,Aloe.png,0.7694268226623535,0.7667534351348877,0.7584748268127441,0.7551410794258118,0.7263370156288147
Brooklime.png,Cloudberry.png,Anise.png,Licorice_Root.png,Buttercup.png,Bergamot.png,0.8816206455230713,0.8800168633460999,0.8776120543479919,0.8744899034500122,0.8715137839317322
Buckwheat.png,Poppy.png,Potato.png,Chamomile.png,Fennel.png,Sunflower.png,0.8838433623313904,0.8760360479354858,0.8737188577651978,0.8697102069854736,0.8686569929122925
Bull_Kelp.png,Coralline_Algae.png,Sea_Grapes_Algae.png,Sugar_Kelp.png,Wakame.png,Sargassum.png,0.9851113557815552,0.983588695526123,0.980872392654419,0.9707283973693848,0.9591909050941467
Buttercup.png,Nettle.png,Monkshood.png,Mugwort.png,Cloudberry.png,Wild_Mustard.png,0.952774703502655,0.949971616268158,0.9469090104103088,0.9451426863670349,0.9407759308815002
Cabbage.png,Ice_Algae.png,Acorn.png,Pear.png,Mulberry.png,Pitcher_Plant.png,0.8736421465873718,0.8608902096748352,0.837213397026062,0.8322840332984924,0.8222583532333374
Cacao.png,Walnut.png,Mangrove_Leaves.png,Cashew.png,Spruce_Tips.png,Baobab.png,0.9248330593109131,0.9166244268417358,0.9116753935813904,0.9095543622970581,0.8996332883834839
Calotropis.png,Cliff_Rose.png,Hazelnut.png,Wild_Guava.png,Dulse.png,Seagrass.png,0.7937864661216736,0.791164219379425,0.7887426018714905,0.7884080410003662,0.7838881015777588
Camphor_Tree.png,Nutmeg.png,Spruce_Tips.png,Baobab.png,Pinyon_Pine.png,Orange.png,0.9244126677513123,0.9173283576965332,0.9159018993377686,0.9081177711486816,0.9052332639694214
Canola.png,Sea_Fennel.png,Goldenrod.png,Wild_Mustard.png,Valerian.png,Mustard.png,0.7904521226882935,0.7856767177581787,0.7848896384239197,0.784428060054779,0.782487154006958
Canopy_Vine.png,Beach_Morning_Glory.png,Sweet_Potato.png,Desert_Melon.png,Wild_Melon.png,White_Grape.png,0.9514942169189453,0.8701128363609314,0.8402948379516602,0.8155906200408936,0.7915699481964111
Cardamom.png,Beet.png,Arrowroot.png,Sea_Beet.png,Maidenhair_Fern.png,Hardy_Fern.png,0.8629785776138306,0.8524964451789856,0.852347195148468,0.8008245229721069,0.7997228503227234
Carob.png,Star_Anise.png,Mesquite.png,Willow.png,Wild_Fig.png,Guava.png,0.9189537167549133,0.9173803329467773,0.9173403978347778,0.9116560816764832,0.9115949869155884
Carrot.png,Red_Algae.png,Sargassum.png,Coralline_Algae.png,Giant_Kelp.png,Bladderwrack.png,0.8021163940429688,0.7946019768714905,0.792015790939331,0.7905558347702026,0.7901606559753418
Cashew.png,Tamarind.png,Birch_Sap.png,Lemon.png,Mangrove_Leaves.png,Apricot.png,0.933375358581543,0.9273023009300232,0.9232145547866821,0.922435998916626,0.9196562767028809
Cassava.png,Hazelnut.png,Calotropis.png,Elderberry.png,Dulse.png,Blackberry.png,0.804720401763916,0.776127815246582,0.7729076147079468,0.7666894197463989,0.7622689604759216
Castor_Bean.png,Hazelnut.png,Wild_Guava.png,Mangosteen.png,Baobab.png,Serviceberry.png,0.8422619700431824,0.7877485156059265,0.7796436548233032,0.7790536284446716,0.7789632081985474
Cattail.png,Wild_Garlic.png,Wild_Rice.png,Rush_Shoots.png,Saltgrass.png,Garlic.png,0.7579125761985779,0.7080888748168945,0.7005204558372498,0.6923365592956543,0.691575288772583
Cave_Fern.png,Maidenhair_Fern.png,Hardy_Fern.png,Tree_Fern_Shoots.png,Sword_Fern.png,Licorice_Fern.png,0.9729405045509338,0.9626638293266296,0.9622889161109924,0.918938934803009,0.9081398844718933
Cedar.png,Oak.png,Wild_Fig.png,Guava.png,Mango.png,Yew.png,0.9506930708885193,0.9496890902519226,0.9404298067092896,0.9329018592834473,0.9328415393829346
Chamomile.png,Potato.png,Fennel.png,Poppy.png,Wormwood.png,Oregano.png,0.9912583231925964,0.9736965894699097,0.9320162534713745,0.9111252427101135,0.9032641053199768
Cherry.png,Acacia.png,Tamarind.png,Plum.png,Birch_Sap.png,Mesquite.png,0.9370014667510986,0.926573634147644,0.9254563450813293,0.9250938892364502,0.918419599533081
Chestnut.png,Jujube.png,Breadnut.png,Peach.png,Breadfruit.png,Maple_Sap.png,0.9273836612701416,0.9222404360771179,0.9221599698066711,0.915753960609436,0.9128684401512146
Chicory.png,Sea_Grapes_Algae.png,Sargassum.png,Coralline_Algae.png,Wakame.png,Bull_Kelp.png,0.6561452150344849,0.6536270976066589,0.6523400545120239,0.6516178250312805,0.6511544585227966
Chili_Pepper.png,Tea.png,Coastal_Sage.png,Cranberry.png,Hazelnut.png,Wild_Guava.png,0.7293821573257446,0.6786179542541504,0.6732052564620972,0.6679624319076538,0.663598358631134
Chokecherry.png,Dulse.png,Mountain_Blueberry.png,Wild_Blueberry.png,Sugar_Kelp.png,Seagrass.png,0.7625007629394531,0.7600402235984802,0.7518651485443115,0.7419251203536987,0.7417590618133545
Cinnamon.png,Plum.png,Mulberry.png,Pear.png,Starfruit.png,Lime.png,0.9225364923477173,0.9185270071029663,0.9151355624198914,0.9133015275001526,0.907016396522522
Cliff_Rose.png,Hazelnut.png,Calotropis.png,Rose_Hip.png,Elderberry.png,Castor_Bean.png,0.8220525979995728,0.7937864661216736,0.7758322954177856,0.7679305672645569,0.7649985551834106
Cloudberry.png,Fenugreek.png,Buttercup.png,Sunflower.png,Monkshood.png,Riverbank_Nettle.png,0.9597289562225342,0.9451426863670349,0.9393417835235596,0.928707480430603,0.9267064929008484
Clove.png,Cedar.png,Wild_Fig.png,Mango.png,Mountain_Papaya.png,Breadfruit.png,0.9069364666938782,0.8911702632904053,0.887959361076355,0.8860088586807251,0.8842516541481018
Clover.png,Prairie_Turnip.png,Wild_Rhubarb.png,Sea_Kale.png,Prickly_Pear.png,Wood_Sorrel.png,0.8977107405662537,0.874151349067688,0.8591475486755371,0.8568992614746094,0.85316401720047
Coastal_Sage.png,Cranberry.png,Castor_Bean.png,Hazelnut.png,Wild_Guava.png,Tea.png,0.7671603560447693,0.7503407001495361,0.7337982058525085,0.720975399017334,0.7160184383392334
Coconut.png,Mountain_Papaya.png,Plantain.png,Papaya.png,Date.png,Banana.png,0.9642181992530823,0.9553399682044983,0.9507850408554077,0.9246698617935181,0.8986046314239502
Coffee.png,Elderberry.png,Roselle.png,Saltbush.png,Mountain_Cranberry.png,Hazelnut.png,0.7616785168647766,0.745060384273529,0.7402986884117126,0.7366252541542053,0.7352337837219238
Coralline_Algae.png,Bull_Kelp.png,Wakame.png,Sea_Grapes_Algae.png,Sargassum.png,Bladderwrack.png,0.9851113557815552,0.983265221118927,0.9815202355384827,0.9759632349014282,0.9743828773498535
Corn.png,Tobacco.png,Pineapple.png,Buckwheat.png,Quinoa.png,Sunflower.png,0.5972946882247925,0.5472211837768555,0.5189739465713501,0.5184636116027832,0.5170212388038635
Cotton.png,Green_Algae.png,Sea_Lettuce.png,Buckwheat.png,Fig.png,Neem.png,0.5575173497200012,0.5575172901153564,0.517327606678009,0.5155638456344604,0.5153496265411377
Crabapple.png,Redwood.png,Eucalyptus.png,Avocado.png,Jackfruit.png,Brazil_Nut.png,0.9279720783233643,0.9086130857467651,0.9024568200111389,0.8981174826622009,0.8946059346199036
Cranberry.png,Hazelnut.png,Coastal_Sage.png,Castor_Bean.png,Serviceberry.png,Cliff_Rose.png,0.7723824381828308,0.7671603560447693,0.759581446647644,0.7571179866790771,0.7348759770393372
Creosote_Bush.png,Huckleberry.png,Currant.png,Pigeon_Pea.png,Dulse.png,Blueberry.png,0.8109353184700012,0.7719358801841736,0.7716980576515198,0.7709571719169617,0.7526838183403015
Crowberry.png,Wild_Chili.png,Wild_Guava.png,Bog_Rosemary.png,Tea_Tree.png,Hazelnut.png,0.8131002187728882,0.782238245010376,0.7498745918273926,0.7496597766876221,0.7479667663574219
Cucumber.png,Wild_Melon.png,Melon.png,Desert_Melon.png,White_Grape.png,Wild_Yam.png,0.8590812683105469,0.8499667048454285,0.838684618473053,0.8209381103515625,0.7889729738235474
Currant.png,Blueberry.png,Saltbush.png,Dulse.png,Hazelnut.png,Seagrass.png,0.8304979205131531,0.8169422745704651,0.8142168521881104,0.8053869605064392,0.8049466609954834
Curry_Leaf.png,Hazelnut.png,Elderberry.png,Blueberry.png,Roselle.png,Mangosteen.png,0.8040066957473755,0.7812250256538391,0.7807933688163757,0.775989294052124,0.7717563509941101
Daisy.png,Flax.png,Angelica.png,Peanut.png,Swamp_Mint.png,Buttercup.png,0.9480075240135193,0.7824928760528564,0.754604697227478,0.7255657315254211,0.7060996890068054
Dandelion.png,Arnica.png,African_Ginger.png,Sea_Kale.png,Aloe.png,Bitterroot.png,0.8691704869270325,0.8624099493026733,0.8423488736152649,0.839945375919342,0.836675763130188
Date.png,Banana.png,Date_Palm.png,Pandanus_Fruit.png,Nipa_Palm_Fruit.png,Coconut.png,0.9676598310470581,0.9639766812324524,0.9633436799049377,0.9513825178146362,0.9246698617935181
Date_Palm.png,Date.png,Banana.png,Pandanus_Fruit.png,Nipa_Palm_Fruit.png,Coconut.png,0.9639766812324524,0.9593327641487122,0.9557111859321594,0.908877432346344,0.8886218667030334
Date_Plum.png,Oak.png,Yew.png,Guava.png,Orange.png,Nutmeg.png,0.9417635798454285,0.941679835319519,0.9379978775978088,0.9346217513084412,0.9270131587982178
Desert_Melon.png,Wild_Melon.png,White_Grape.png,Canopy_Vine.png,Cucumber.png,Beach_Morning_Glory.png,0.9590383172035217,0.8595989346504211,0.8402948379516602,0.838684618473053,0.8217624425888062
Desert_Mint.png,Fireweed.png,Mountain_Mint.png,Rainforest_Nettle.png,Mustard.png,Sea_Fennel.png,0.9226054549217224,0.7714974880218506,0.7447469234466553,0.7430718541145325,0.7334127426147461
Desert_Rose.png,Glasswort.png,Barrel_Cactus_Fruit.png,Samphire.png,Rainforest_Nettle.png,Mustard.png,0.9730733036994934,0.952854573726654,0.8573702573776245,0.7982303500175476,0.7899969220161438
Desert_Sage.png,Angel's_Trumpet.png,Currant.png,Saltbush.png,Bog_Myrtle.png,Hazelnut.png,0.730758786201477,0.7263268828392029,0.7140852808952332,0.7113962173461914,0.7083310484886169
Devil's_Claw.png,Belladonna.png,Valerian.png,Mustard.png,Wild_Mustard.png,Sea_Fennel.png,0.8263140916824341,0.7333426475524902,0.7264471054077148,0.7151809334754944,0.713647186756134
Devil's_Club.png,Licorice.png,Fennel.png,Wormwood.png,Licorice_Root.png,Buckwheat.png,0.4913569986820221,0.47593483328819275,0.4691146910190582,0.46897515654563904,0.46686187386512756
Dragon_Fruit.png,Buckwheat.png,Mangosteen.png,Pine_Nuts.png,Persimmon.png,Hemlock.png,0.59444659948349,0.5896437764167786,0.564728856086731,0.5613199472427368,0.5610571503639221
Duckweed.png,Lotus_Root.png,Water_Lily.png,Lotus.png,Floating_Green_Algae.png,Maidenhair_Fern.png,0.9106632471084595,0.8989310264587402,0.8711792230606079,0.827153205871582,0.6374671459197998
Dulse.png,Seagrass.png,Sugar_Kelp.png,Bull_Kelp.png,Sea_Grapes_Algae.png,Coralline_Algae.png,0.961758553981781,0.9378478527069092,0.9180524945259094,0.9084373712539673,0.9022549390792847
Durian.png,Jackfruit.png,Yew.png,Oak.png,Wild_Fig.png,Cedar.png,0.9367308020591736,0.9346522092819214,0.9329859614372253,0.9265569448471069,0.9261119365692139
Echinacea.png,Steppe_Tulip.png,Bergamot.png,Sea_Rocket.png,Miner's_Lettuce.png,Brooklime.png,0.6579226851463318,0.6485979557037354,0.5723809003829956,0.564410388469696,0.5571745038032532
Edelweiss.png,Arnica.png,Sea_Purslane.png,Prickly_Pear.png,Bitterroot.png,Turmeric.png,0.887995183467865,0.879870593547821,0.8602320551872253,0.8542169332504272,0.8463166952133179
Elderberry.png,Hazelnut.png,Rose_Hip.png,Mangosteen.png,Roselle.png,Saltbush.png,0.8448851108551025,0.8210869431495667,0.8142639994621277,0.8104436993598938,0.795922577381134
Ephedra.png,Raspberry.png,Rabbitbrush.png,Bilberry.png,Bog_Rosemary.png,Tea_Tree.png,0.7717747092247009,0.7552103400230408,0.747863233089447,0.734001874923706,0.7335296869277954
Eucalyptus.png,Redwood.png,Fig.png,Neem.png,Crabapple.png,Avocado.png,0.9292342066764832,0.9148149490356445,0.9100712537765503,0.9086130857467651,0.9057650566101074
Fennel.png,Potato.png,Chamomile.png,Wormwood.png,Poppy.png,Oregano.png,0.9763664603233337,0.9736965894699097,0.9046311378479004,0.901418149471283,0.8938037157058716
Fenugreek.png,Cloudberry.png,Sunflower.png,Monkshood.png,Buttercup.png,Riverbank_Nettle.png,0.9597289562225342,0.9379339814186096,0.924787163734436,0.9237912893295288,0.921328067779541
Fiddlehead_Fern.png,Licorice_Fern.png,Sword_Fern.png,Hardy_Fern.png,Maidenhair_Fern.png,Cave_Fern.png,0.9798951148986816,0.9595672488212585,0.916172444820404,0.914323627948761,0.8920556902885437
Fig.png,Persimmon.png,Oak.png,Cedar.png,Hemlock.png,Pomegranate.png,0.9518333077430725,0.9431828856468201,0.9301164746284485,0.9295623898506165,0.9206932187080383
Fireweed.png,Desert_Mint.png,Rainforest_Nettle.png,Mustard.png,Ginseng.png,Milkweed.png,0.9226054549217224,0.7101684212684631,0.6964494585990906,0.6728950142860413,0.6711905002593994
Flax.png,Daisy.png,Angelica.png,Peanut.png,Buttercup.png,Licorice_Root.png,0.9480075240135193,0.7886964678764343,0.7264168858528137,0.7116453647613525,0.698377788066864
Floating_Green_Algae.png,Duckweed.png,Lotus.png,Water_Lily.png,Lotus_Root.png,Cave_Fern.png,0.827153205871582,0.8245620727539062,0.824149489402771,0.7979393005371094,0.6927794814109802
Foxglove.png,Gentian.png,Milkweed.png,Sea_Fennel.png,Valerian.png,Sea_Lavender.png,0.8906576037406921,0.8492397665977478,0.8095492720603943,0.7909144163131714,0.7777420282363892
Garlic.png,Wild_Garlic.png,Wild_Onion.png,Pampas_Herb.png,Wild_Rice.png,Rush_Shoots.png,0.811891496181488,0.7715460658073425,0.7623493671417236,0.757774293422699,0.7573579549789429
Gentian.png,Foxglove.png,Valerian.png,Sea_Fennel.png,Amaranth.png,Anise.png,0.8906576037406921,0.8183374404907227,0.8126413226127625,0.8057277798652649,0.8010596632957458
Giant_Kelp.png,Sargassum.png,Bladderwrack.png,Red_Algae.png,Wakame.png,Kelp.png,0.9851158857345581,0.9839896559715271,0.979854941368103,0.9779560565948486,0.973554790019989
Ginger.png,Sea_Kale.png,Agave.png,Prairie_Turnip.png,Plantain_Herb.png,Wild_Rhubarb.png,0.8183523416519165,0.8158941864967346,0.809121310710907,0.8078936338424683,0.8068835139274597
Ginseng.png,Mustard.png,Wild_Mustard.png,Monkshood.png,Nettle.png,Buttercup.png,0.9331401586532593,0.9264501929283142,0.9069925546646118,0.8961092233657837,0.8959885835647583
Glasswort.png,Desert_Rose.png,Barrel_Cactus_Fruit.png,Samphire.png,Rainforest_Nettle.png,Mustard.png,0.9730733036994934,0.9329519271850586,0.8707482218742371,0.8144711256027222,0.8047417402267456
Goldenrod.png,Canola.png,Valerian.png,Wild_Mustard.png,Miner's_Lettuce.png,Sea_Rocket.png,0.7856767177581787,0.7561280727386475,0.7461119890213013,0.7456965446472168,0.7449221014976501
Gooseberry.png,Serviceberry.png,Blueberry.png,Hazelnut.png,Saltbush.png,Wild_Guava.png,0.7923959493637085,0.78841233253479,0.7869611978530884,0.7790865302085876,0.7741719484329224
Grape.png,Ivy.png,Wild_Melon.png,Black_Grape.png,Passionflower.png,Melon.png,0.8792420029640198,0.8418126702308655,0.8218488693237305,0.8167324662208557,0.8122034668922424
Green_Algae.png,Sea_Lettuce.png,Dulse.png,Seagrass.png,Bull_Kelp.png,Sea_Grapes_Algae.png,0.9999973177909851,0.8829771280288696,0.8698024749755859,0.8494704365730286,0.8494182229042053
Guava.png,Oak.png,Yew.png,Cedar.png,Date_Plum.png,Willow.png,0.9559869170188904,0.9522338509559631,0.9404298067092896,0.9379978775978088,0.930336594581604
Hardy_Fern.png,Maidenhair_Fern.png,Cave_Fern.png,Sword_Fern.png,Tree_Fern_Shoots.png,Licorice_Fern.png,0.993556559085846,0.9626638293266296,0.9436305165290833,0.9341284036636353,0.934120774269104
Hazelnut.png,Baobab.png,Mangosteen.png,Rose_Hip.png,Mangrove_Leaves.png,Nutmeg.png,0.8753657341003418,0.8723175525665283,0.8557267785072327,0.8513333201408386,0.8501691222190857
Heather.png,Sage.png,Calotropis.png,Bog_Rosemary.png,Rosemary.png,Juniper.png,0.7724316120147705,0.7652816772460938,0.7621894478797913,0.7560095191001892,0.7476356625556946
Hemlock.png,Persimmon.png,Fig.png,Pomegranate.png,Pine_Nuts.png,Tree_Tomato.png,0.9320036172866821,0.9295623898506165,0.9227600693702698,0.9223285913467407,0.895254373550415
Hemp.png,Buckwheat.png,Clover.png,Dandelion.png,Poppy.png,Wood_Sorrel.png,0.6245880126953125,0.5903685092926025,0.5854402780532837,0.5757638216018677,0.5742254853248596
Holy_Basil.png,Anise.png,Nettle.png,Miner's_Lettuce.png,Monkshood.png,Mugwort.png,0.8452394604682922,0.839889407157898,0.8388640880584717,0.8319904208183289,0.8255147933959961
Huckleberry.png,Creosote_Bush.png,Blueberry.png,Dulse.png,Seagrass.png,Pigeon_Pea.png,0.8109353184700012,0.7705268263816833,0.7661911249160767,0.7656005024909973,0.7600774765014648
Ice_Algae.png,Taro.png,Wild_Taro.png,Cabbage.png,Beet.png,Licorice_Fern.png,0.9235073924064636,0.9090214371681213,0.8736421465873718,0.8317891955375671,0.8013022541999817
Indian_Gooseberry.png,Jujube.png,Orange.png,Baobab.png,Spruce_Tips.png,Breadnut.png,0.9228565692901611,0.9113906025886536,0.9073840975761414,0.9068220257759094,0.9032741785049438
Ivy.png,Grape.png,Black_Grape.png,Wild_Melon.png,Desert_Melon.png,Passionflower.png,0.8792420029640198,0.7885053157806396,0.7680246829986572,0.7559146285057068,0.7512365579605103
Jackfruit.png,Durian.png,Wild_Mango.png,Fig.png,Oak.png,Persimmon.png,0.9367308020591736,0.9177864789962769,0.9134328961372375,0.9121333360671997,0.9117565751075745
Joshua_Tree.png,Breadfruit.png,Nipa_Palm_Fruit.png,Peach.png,Jujube.png,Wild_Cherry.png,0.6454734802246094,0.6266722679138184,0.6233019232749939,0.6150798201560974,0.6122129559516907
Jujube.png,Chestnut.png,Breadnut.png,Indian_Gooseberry.png,Peach.png,Yew.png,0.9273836612701416,0.9232452511787415,0.9228565692901611,0.9211452007293701,0.9136227965354919
Juniper.png,Bog_Rosemary.png,Wild_Chili.png,Bilberry.png,Arctic_Blueberry.png,Rabbitbrush.png,0.8382344245910645,0.7790690660476685,0.7663190960884094,0.7596486806869507,0.7493314146995544
Juniper_Berries.png,Sagebrush.png,Hazelnut.png,Roselle.png,Saltbush.png,Lingonberry.png,0.7186499834060669,0.68788743019104,0.684238076210022,0.6804219484329224,0.6753385663032532
Kelp.png,Giant_Kelp.png,Bladderwrack.png,Sargassum.png,Red_Algae.png,Wakame.png,0.973554790019989,0.9647117853164673,0.957728385925293,0.9461930990219116,0.9436407089233398
Kiwi_Fruit.png,White_Grape.png,Buckwheat.png,Castor_Bean.png,Beach_Plum.png,Cliff_Rose.png,0.5506902933120728,0.5468807220458984,0.5365796089172363,0.5331472754478455,0.5322031378746033
Labrador_Tea.png,Hazelnut.png,Roselle.png,Castor_Bean.png,Arctic_Willow.png,Elderberry.png,0.7476680874824524,0.7208846807479858,0.715899646282196,0.7109413146972656,0.709232747554779
Lavender.png,Creosote_Bush.png,Dulse.png,Saltbush.png,Gooseberry.png,Pigeon_Pea.png,0.735439121723175,0.7243337035179138,0.7241540551185608,0.723759651184082,0.7213078141212463
Lemon.png,Mesquite.png,Birch_Sap.png,Willow.png,Nutmeg.png,Spruce_Tips.png,0.9435405731201172,0.9406582713127136,0.9326876401901245,0.9283958673477173,0.9270408749580383
Lichen.png,Beet.png,Sea_Beet.png,Cardamom.png,Arrowroot.png,Maidenhair_Fern.png,0.718896746635437,0.7035878896713257,0.7020748853683472,0.6910223364830017,0.6835399270057678
Licorice.png,Salmonberry.png,Tobacco.png,Quinoa.png,Riverbank_Nettle.png,Sunflower.png,0.6239543557167053,0.5967331528663635,0.550834596157074,0.5486294031143188,0.5464328527450562
Licorice_Fern.png,Sword_Fern.png,Fiddlehead_Fern.png,Hardy_Fern.png,Maidenhair_Fern.png,Cave_Fern.png,0.9884436130523682,0.9798951148986816,0.934120774269104,0.9300454258918762,0.9081398844718933
Licorice_Root.png,Wormwood.png,Amaranth.png,Riverbank_Nettle.png,Sunflower.png,Solomon's_Seal.png,0.9357545375823975,0.9098675847053528,0.9095810651779175,0.9002482295036316,0.8926578164100647
Lime.png,Birch_Sap.png,Cinnamon.png,Tamarind.png,Pear.png,Mulberry.png,0.9111043810844421,0.907016396522522,0.9045054316520691,0.9037495255470276,0.9007012844085693
Lingonberry.png,Saltbush.png,Hazelnut.png,Currant.png,Baobab.png,Mountain_Blueberry.png,0.8912627100944519,0.8118491172790527,0.8036045432090759,0.8003379702568054,0.7943273782730103
Lotus.png,Water_Lily.png,Lotus_Root.png,Duckweed.png,Floating_Green_Algae.png,Maidenhair_Fern.png,0.9860437512397766,0.9369059801101685,0.8711792230606079,0.8245620727539062,0.6288467645645142
Lotus_Root.png,Water_Lily.png,Lotus.png,Duckweed.png,Floating_Green_Algae.png,Hardy_Fern.png,0.9690474271774292,0.9369059801101685,0.9106632471084595,0.7979393005371094,0.6090442538261414
Lychee.png,Cherry.png,Acacia.png,Mango.png,Mesquite.png,Peach.png,0.9117286205291748,0.9048545956611633,0.8978843688964844,0.8966425061225891,0.8909765481948853
Maidenhair_Fern.png,Hardy_Fern.png,Cave_Fern.png,Tree_Fern_Shoots.png,Sword_Fern.png,Licorice_Fern.png,0.993556559085846,0.9729405045509338,0.9426468014717102,0.9387459754943848,0.9300454258918762
Mango.png,Cedar.png,Star_Anise.png,Mesquite.png,Acacia.png,Wild_Fig.png,0.9329018592834473,0.9258927702903748,0.9217050075531006,0.9203112125396729,0.919914186000824
Mangosteen.png,Pinyon_Pine.png,Spruce_Tips.png,Walnut.png,Nutmeg.png,Camphor_Tree.png,0.9146108627319336,0.912803590297699,0.9087989330291748,0.9050917625427246,0.9048890471458435
Mangrove_Leaves.png,Walnut.png,Cashew.png,Cacao.png,Spruce_Tips.png,Tamarind.png,0.9332853555679321,0.922435998916626,0.9166244268417358,0.908433198928833,0.903511106967926
Maple_Sap.png,Breadfruit.png,Chestnut.png,Peach.png,Jujube.png,Yew.png,0.9206139445304871,0.9128684401512146,0.9085441827774048,0.9066133499145508,0.9002032279968262
Marsh_Rosemary.png,Rabbitbrush.png,Wild_Chili.png,Arctic_Willow.png,Tea_Tree.png,Crowberry.png,0.7504034042358398,0.7423266172409058,0.7411879301071167,0.7371181845664978,0.7367169260978699
Marula.png,Starfruit.png,Plum.png,Rambutan.png,Lemon.png,Breadnut.png,0.9173399806022644,0.9151291251182556,0.9072684049606323,0.9044585227966309,0.9008914828300476
Meadow_Grass.png,Oats.png,Rye.png,Rice.png,Wild_Chive.png,Sorghum.png,0.8467525243759155,0.8181537985801697,0.781848132610321,0.7800804972648621,0.7712991237640381
Melon.png,Red_Grape.png,Cucumber.png,Wild_Melon.png,Grape.png,Passionflower.png,0.8727914094924927,0.8499667048454285,0.8316621780395508,0.8122034668922424,0.7994517683982849
Mesquite.png,Lemon.png,Birch_Sap.png,Star_Anise.png,Acacia.png,Willow.png,0.9435405731201172,0.9429922699928284,0.9324921369552612,0.9274723529815674,0.9266796112060547
Milkweed.png,Sea_Fennel.png,Valerian.png,Mustard.png,Wild_Mustard.png,Foxglove.png,0.9436010122299194,0.9022032022476196,0.870180070400238,0.8697106242179871,0.8492397665977478
Millet.png,Wild_Rye.png,Barley.png,Wild_Garlic.png,Onion.png,Wild_Rice.png,0.8344151377677917,0.8233774900436401,0.780362069606781,0.7711206078529358,0.7620969414710999
Miner's_Lettuce.png,Nettle.png,Monkshood.png,Wild_Mustard.png,Sea_Rocket.png,Buttercup.png,0.9112314581871033,0.9069032669067383,0.9057197570800781,0.9022111892700195,0.900431215763092
Mint.png,Bergamot.png,Brooklime.png,Licorice_Root.png,Nettle.png,Anise.png,0.8573715686798096,0.7588092088699341,0.7097060084342957,0.7083296179771423,0.7061014175415039
Monkshood.png,Nettle.png,Buttercup.png,Wild_Mustard.png,Cloudberry.png,Mugwort.png,0.9531635046005249,0.949971616268158,0.9498701691627502,0.928707480430603,0.9257394671440125
Mormon_Tea.png,Ephedra.png,Rabbitbrush.png,Yerba_Mate.png,Hazelnut.png,Coastal_Sage.png,0.7093032598495483,0.7060185670852661,0.7052736878395081,0.7006274461746216,0.6980178356170654
Mountain_Blueberry.png,Hazelnut.png,Baobab.png,Roselle.png,Saltbush.png,Mangosteen.png,0.8435553312301636,0.8231369853019714,0.8230910301208496,0.8032047152519226,0.8028904795646667
Mountain_Cranberry.png,Blueberry.png,Hazelnut.png,Wild_Guava.png,Rose_Hip.png,Currant.png,0.8609333634376526,0.8047832250595093,0.8040354251861572,0.7879684567451477,0.7732080221176147
Mountain_Mint.png,Licorice_Root.png,Amaranth.png,Solomon's_Seal.png,Riverbank_Nettle.png,Potato.png,0.8166206479072571,0.7964347004890442,0.7889528274536133,0.7875877022743225,0.785092294216156
Mountain_Papaya.png,Plantain.png,Papaya.png,Coconut.png,Date.png,Cedar.png,0.993370771408081,0.9795878529548645,0.9642181992530823,0.9024444222450256,0.9024060368537903
Mountain_Sorrel.png,Wild_Ginger.png,Pickerelweed.png,Arrowhead.png,Alpine_Sorrel.png,Arctic_Sorrel.png,0.9777190685272217,0.9644532799720764,0.950555145740509,0.9436839818954468,0.9291934967041016
Mountain_Thyme.png,Rafflesia.png,Floating_Green_Algae.png,Fiddlehead_Fern.png,Licorice_Fern.png,Sword_Fern.png,0.6036266684532166,0.5967857241630554,0.5917356014251709,0.5862356424331665,0.575320839881897
Mugwort.png,Nettle.png,Buttercup.png,Monkshood.png,Wild_Mustard.png,Quinoa.png,0.9487174153327942,0.9469090104103088,0.9257394671440125,0.9231176376342773,0.9137681722640991
Mulberry.png,Pear.png,Acorn.png,Cinnamon.png,Plum.png,Tamarind.png,0.9248499870300293,0.9198471903800964,0.9185270071029663,0.9151871800422668,0.9068461656570435
Mustard.png,Wild_Mustard.png,Ginseng.png,Monkshood.png,Nettle.png,Rainforest_Nettle.png,0.9598764181137085,0.9331401586532593,0.9248716235160828,0.9197843074798584,0.9144499897956848
Neem.png,Avocado.png,Eucalyptus.png,Wild_Mango.png,Baobab.png,Oak.png,0.9183371067047119,0.9100712537765503,0.9055120348930359,0.9029366970062256,0.9011663794517517
Nettle.png,Monkshood.png,Buttercup.png,Mugwort.png,Wild_Mustard.png,Cloudberry.png,0.9531635046005249,0.952774703502655,0.9487174153327942,0.9463780522346497,0.921583890914917
Nipa_Palm_Fruit.png,Date.png,Banana.png,Pandanus_Fruit.png,Date_Palm.png,Plantain.png,0.9513825178146362,0.9478657245635986,0.9334895610809326,0.908877432346344,0.8981320858001709
Nutmeg.png,Spruce_Tips.png,Baobab.png,Pinyon_Pine.png,Lemon.png,Date_Plum.png,0.9387993216514587,0.9301927089691162,0.9293308854103088,0.9283958673477173,0.9270131587982178
Oak.png,Guava.png,Yew.png,Cedar.png,Fig.png,Date_Plum.png,0.9559869170188904,0.9515737891197205,0.9506930708885193,0.9431828856468201,0.9417635798454285
Oats.png,Meadow_Grass.png,Rye.png,Rice.png,Sorghum.png,Wild_Chive.png,0.8467525243759155,0.7920173406600952,0.790812075138092,0.7587955594062805,0.7495743632316589
Oleander.png,Arctic_Willow.png,Wild_Guava.png,Cliff_Rose.png,Hazelnut.png,Rose_Hip.png,0.7333385944366455,0.7245699167251587,0.7242733836174011,0.722245991230011,0.7208617329597473
Olive.png,Willow.png,Pine_Nuts.png,Soursop.png,Carob.png,Wild_Mango.png,0.9296414256095886,0.9239943623542786,0.912115752696991,0.91153484582901,0.9047549962997437
Onion.png,Barley.png,Wild_Rice.png,Millet.png,Wild_Garlic.png,Garlic.png,0.7966592907905579,0.7951123118400574,0.7711206078529358,0.7414360642433167,0.7358194589614868
Orange.png,Date_Plum.png,Baobab.png,Nutmeg.png,Wild_Cherry.png,Spruce_Tips.png,0.9346217513084412,0.9244266152381897,0.9204886555671692,0.9178474545478821,0.9170683026313782
Orchid_Pods.png,Milkweed.png,Sea_Lavender.png,Sea_Fennel.png,Foxglove.png,Valerian.png,0.8304275274276733,0.8133566379547119,0.7619003057479858,0.7556164264678955,0.7348542809486389
Oregano.png,Solomon's_Seal.png,Sunflower.png,Riverbank_Nettle.png,Anise.png,Wormwood.png,0.9687666893005371,0.911841094493866,0.9085096120834351,0.908454418182373,0.9077582955360413
Pampas_Herb.png,Wheat.png,Saltgrass.png,Garlic.png,Rush_Shoots.png,Wild_Garlic.png,0.8009445071220398,0.7891892194747925,0.7623493671417236,0.7594404816627502,0.7592198848724365
Pandanus_Fruit.png,Banana.png,Date.png,Date_Palm.png,Nipa_Palm_Fruit.png,Coconut.png,0.9657280445098877,0.9633436799049377,0.9557111859321594,0.9334895610809326,0.8917014002799988
Papaya.png,Mountain_Papaya.png,Plantain.png,Coconut.png,Fig.png,Oak.png,0.9795878529548645,0.9698193669319153,0.9507850408554077,0.9093447327613831,0.8966801762580872
Papyrus.png,Pampas_Herb.png,Wheat.png,Wild_Chive.png,Tussock_Grass.png,Garlic.png,0.7561684250831604,0.7222997546195984,0.7218016386032104,0.7069405317306519,0.705030620098114
Papyrus_Shoots.png,Saltgrass.png,Bamboo_Shoots.png,Tussock_Grass.png,Rush_Shoots.png,Garlic.png,0.7748653292655945,0.7296399474143982,0.6675732731819153,0.667313814163208,0.6638262867927551
Passionflower.png,Passionfruit.png,Grape.png,Black_Grape.png,Melon.png,Red_Grape.png,0.8212361335754395,0.8167324662208557,0.8065831661224365,0.7994517683982849,0.7666490077972412
Passionfruit.png,Red_Grape.png,Passionflower.png,Grape.png,Melon.png,White_Grape.png,0.8287580013275146,0.8212361335754395,0.8116949796676636,0.794458270072937,0.7799933552742004
Peach.png,Chestnut.png,Breadnut.png,Jujube.png,Yew.png,Acacia.png,0.9221599698066711,0.921786367893219,0.9211452007293701,0.9206776022911072,0.9199908971786499
Peanut.png,Monkshood.png,Nettle.png,Cloudberry.png,Buttercup.png,Wild_Mustard.png,0.8304688334465027,0.8221954107284546,0.8203420042991638,0.8140513300895691,0.8136801719665527
Pear.png,Mulberry.png,Cinnamon.png,Acorn.png,Lime.png,Plum.png,0.9248499870300293,0.9151355624198914,0.9094833135604858,0.9037495255470276,0.9027538299560547
Persimmon.png,Fig.png,Hemlock.png,Pomegranate.png,Oak.png,Wild_Fig.png,0.9518333077430725,0.9320036172866821,0.9246013760566711,0.9196872115135193,0.9121971130371094
Pickerelweed.png,Wild_Ginger.png,Mountain_Sorrel.png,Alpine_Sorrel.png,Arrowhead.png,Arctic_Sorrel.png,0.9749220013618469,0.9644532799720764,0.931823194026947,0.9271049499511719,0.9190462827682495
Pigeon_Pea.png,Creosote_Bush.png,Blueberry.png,Saltbush.png,Huckleberry.png,Hazelnut.png,0.7716980576515198,0.7682874202728271,0.7631381154060364,0.7600774765014648,0.7521683573722839
Pine_Nuts.png,Olive.png,Hemlock.png,Fig.png,Pomegranate.png,Wild_Mango.png,0.9239943623542786,0.9223285913467407,0.9179252982139587,0.9175161123275757,0.916770875453949
Pineapple.png,Mugwort.png,Quinoa.png,Buttercup.png,Cloudberry.png,Sunflower.png,0.7978916764259338,0.7976297736167908,0.7973136901855469,0.7950568795204163,0.7948169112205505
Pinyon_Pine.png,Wild_Mango.png,Nutmeg.png,Soursop.png,Spruce_Tips.png,Lemon.png,0.939795732498169,0.9293308854103088,0.9292086958885193,0.9283862113952637,0.9148632287979126
Pitcher_Plant.png,Cabbage.png,Acorn.png,Violet.png,Ice_Algae.png,Arrowhead.png,0.8222583532333374,0.7792899012565613,0.7630581855773926,0.7630383968353271,0.7604751586914062
Plantain.png,Mountain_Papaya.png,Papaya.png,Coconut.png,Cedar.png,Yew.png,0.993370771408081,0.9698193669319153,0.9553399682044983,0.902725338935852,0.9009239673614502
Plantain_Herb.png,Bitterroot.png,Edelweiss.png,African_Ginger.png,Arnica.png,Sea_Purslane.png,0.8276312947273254,0.8266341090202332,0.8250157833099365,0.8188715577125549,0.8146448135375977
Plum.png,Starfruit.png,Cherry.png,Cinnamon.png,Mesquite.png,Acacia.png,0.9320641160011292,0.9254563450813293,0.9225364923477173,0.9194167852401733,0.9178894758224487
Pomegranate.png,Persimmon.png,Hemlock.png,Fig.png,Pine_Nuts.png,Wild_Fig.png,0.9246013760566711,0.9227600693702698,0.9206932187080383,0.9175161123275757,0.913322925567627
Poppy.png,Chamomile.png,Potato.png,Fennel.png,Buckwheat.png,Oregano.png,0.9320162534713745,0.9271581768989563,0.901418149471283,0.8838433623313904,0.883414626121521
Potato.png,Chamomile.png,Fennel.png,Poppy.png,Wormwood.png,Oregano.png,0.9912583231925964,0.9763664603233337,0.9271581768989563,0.9142076373100281,0.9014603495597839
Prairie_Turnip.png,Wild_Rhubarb.png,Clover.png,Sea_Purslane.png,Sea_Kale.png,Prickly_Pear.png,0.9025648832321167,0.8977107405662537,0.8702717423439026,0.8660984039306641,0.8620423674583435
Prickly_Pear.png,Sea_Purslane.png,Turmeric.png,Sea_Kale.png,Arnica.png,Pickerelweed.png,0.9242797493934631,0.88591068983078,0.8827525973320007,0.8710227012634277,0.8666850328445435
Purple_Saxifrage.png,Dandelion.png,Turmeric.png,Ginger.png,Sea_Kale.png,Edelweiss.png,0.7436639666557312,0.7380109429359436,0.732623279094696,0.7244884371757507,0.7157093286514282
Quinoa.png,Riverbank_Nettle.png,Sunflower.png,Mugwort.png,Wormwood.png,Buttercup.png,0.9476319551467896,0.9305179715156555,0.9137681722640991,0.911827564239502,0.9043523669242859
Rabbitbrush.png,Wild_Chili.png,Wild_Guava.png,Bog_Rosemary.png,Arctic_Willow.png,Hazelnut.png,0.7921161651611328,0.790648877620697,0.7859174609184265,0.7712699770927429,0.765630304813385
Rafflesia.png,Taro.png,Beet.png,Ice_Algae.png,Sea_Beet.png,Wild_Taro.png,0.804137647151947,0.7880844473838806,0.7697545289993286,0.7619063258171082,0.7508686780929565
Rainforest_Nettle.png,Mustard.png,Ginseng.png,Wild_Mustard.png,Mugwort.png,Miner's_Lettuce.png,0.9144499897956848,0.8927494287490845,0.8803210258483887,0.8618283271789551,0.8536839485168457
Rambutan.png,Breadnut.png,Acacia.png,Starfruit.png,Marula.png,Apple.png,0.924118161201477,0.9116795063018799,0.909477710723877,0.9072684049606323,0.9059094190597534
Raspberry.png,Castor_Bean.png,Tea_Tree.png,Blackberry.png,Ephedra.png,Calotropis.png,0.7742307782173157,0.773378849029541,0.772032618522644,0.7717747092247009,0.7507618069648743
Rattan.png,Sweet_Potato.png,Beach_Morning_Glory.png,Wild_Yam.png,Canopy_Vine.png,Beach_Pea.png,0.6922807693481445,0.638045072555542,0.631492555141449,0.6289241909980774,0.5760900378227234
Red_Algae.png,Sargassum.png,Giant_Kelp.png,Bladderwrack.png,Wakame.png,Coralline_Algae.png,0.9837161302566528,0.979854941368103,0.9798061847686768,0.9787302017211914,0.9740400314331055
Red_Grape.png,Melon.png,Passionfruit.png,Wild_Yam.png,White_Grape.png,Passionflower.png,0.8727914094924927,0.8287580013275146,0.7927629351615906,0.7700548768043518,0.7666490077972412
Redwood.png,Eucalyptus.png,Crabapple.png,Avocado.png,Brazil_Nut.png,Tree_Tomato.png,0.9292342066764832,0.9279720783233643,0.9157168865203857,0.9051288366317749,0.8940878510475159
Rhubarb.png,Clove.png,Lychee.png,Apple.png,Cinnamon.png,Pear.png,0.702613115310669,0.696178138256073,0.6956505179405212,0.6908831000328064,0.6780154705047607
Rice.png,Wild_Chive.png,Rye.png,Oats.png,Meadow_Grass.png,Sorghum.png,0.8074321746826172,0.7994731068611145,0.790812075138092,0.781848132610321,0.7797269225120544
Riverbank_Nettle.png,Sunflower.png,Quinoa.png,Wormwood.png,Cloudberry.png,Fenugreek.png,0.9803890585899353,0.9476319551467896,0.929698646068573,0.9267064929008484,0.921328067779541
Rose_Hip.png,Hazelnut.png,Wild_Guava.png,Elderberry.png,Saltbush.png,Mountain_Blueberry.png,0.8557267785072327,0.831242561340332,0.8210869431495667,0.8044369220733643,0.8021073341369629
Roselle.png,Hazelnut.png,Mountain_Blueberry.png,Elderberry.png,Walnut.png,Cacao.png,0.8486054539680481,0.8230910301208496,0.8104436993598938,0.8013967275619507,0.7979656457901001
Rosemary.png,Mountain_Cranberry.png,Curry_Leaf.png,Bog_Rosemary.png,Dulse.png,Calotropis.png,0.7690359950065613,0.7678331732749939,0.7625567317008972,0.7612051963806152,0.7562994956970215
Rush_Shoots.png,Saltgrass.png,Wild_Garlic.png,Pampas_Herb.png,Garlic.png,Bamboo_Shoots.png,0.7816550135612488,0.7758239507675171,0.7594404816627502,0.7573579549789429,0.7425577044487
Rye.png,Meadow_Grass.png,Sorghum.png,Rice.png,Wild_Chive.png,Oats.png,0.8181537985801697,0.8029123544692993,0.7994731068611145,0.7928835153579712,0.7920173406600952
Sage.png,Tamarisk.png,Heather.png,Dulse.png,Sugar_Kelp.png,Bull_Kelp.png,0.8124983310699463,0.7724316120147705,0.7541100978851318,0.7527810335159302,0.7445741891860962
Sagebrush.png,Juniper_Berries.png,Hazelnut.png,Roselle.png,Labrador_Tea.png,Angel's_Trumpet.png,0.7186499834060669,0.7098868489265442,0.7007279396057129,0.6874748468399048,0.682775616645813
Salmonberry.png,Buckwheat.png,Sunflower.png,Riverbank_Nettle.png,Quinoa.png,Poppy.png,0.7092385292053223,0.704444944858551,0.702407956123352,0.6949442625045776,0.6929741501808167
Saltbush.png,Lingonberry.png,Hazelnut.png,Currant.png,Angel's_Trumpet.png,Rose_Hip.png,0.8912627100944519,0.8282744884490967,0.8169422745704651,0.811647355556488,0.8044369220733643
Saltgrass.png,Pampas_Herb.png,Rush_Shoots.png,Papyrus_Shoots.png,Wild_Garlic.png,Garlic.png,0.7891892194747925,0.7816550135612488,0.7748653292655945,0.7648517489433289,0.752471923828125
Samphire.png,Glasswort.png,Mugwort.png,Desert_Rose.png,Mustard.png,Wild_Mustard.png,0.8707482218742371,0.8586158156394958,0.8573702573776245,0.8501883745193481,0.8482793569564819
Sargassum.png,Wakame.png,Giant_Kelp.png,Red_Algae.png,Bladderwrack.png,Coralline_Algae.png,0.9861668944358826,0.9851158857345581,0.9837161302566528,0.9824040532112122,0.9759632349014282
Scurvy_Grass.png,Violet.png,Wild_Ginger.png,Arrowhead.png,Alpine_Sorrel.png,Mountain_Sorrel.png,0.9525991082191467,0.934495210647583,0.9303264021873474,0.924830436706543,0.9188109636306763
Sea_Beet.png,Beet.png,Cardamom.png,Arrowroot.png,Maidenhair_Fern.png,Hardy_Fern.png,0.9162871241569519,0.852347195148468,0.8429661393165588,0.8316494822502136,0.8304202556610107
Sea_Buckthorn.png,Cassava.png,Wild_Chili.png,Wild_Guava.png,Crowberry.png,Juniper.png,0.7601928114891052,0.7498064637184143,0.7446587085723877,0.7401114106178284,0.7343688011169434
Sea_Fennel.png,Valerian.png,Milkweed.png,Wild_Mustard.png,Anise.png,Mustard.png,0.9740573167800903,0.9436010122299194,0.9201526641845703,0.9064997434616089,0.8988245725631714
Sea_Grape.png,Hazelnut.png,Cliff_Rose.png,Angel's_Trumpet.png,Mountain_Blueberry.png,Baobab.png,0.7697439193725586,0.7509317994117737,0.7501987218856812,0.7355059385299683,0.7261247634887695
Sea_Grapes_Algae.png,Bull_Kelp.png,Coralline_Algae.png,Wakame.png,Sargassum.png,Bladderwrack.png,0.983588695526123,0.9815202355384827,0.973902702331543,0.9680913686752319,0.9660863280296326
Sea_Kale.png,Prickly_Pear.png,Arnica.png,Sea_Purslane.png,Prairie_Turnip.png,Pickerelweed.png,0.8827525973320007,0.8752925395965576,0.8677968978881836,0.8660984039306641,0.8643081784248352
Sea_Lavender.png,Orchid_Pods.png,Milkweed.png,Foxglove.png,Sea_Fennel.png,Mustard.png,0.8133566379547119,0.8072885274887085,0.7777420282363892,0.7207541465759277,0.6847109794616699
Sea_Lettuce.png,Green_Algae.png,Dulse.png,Seagrass.png,Bull_Kelp.png,Sea_Grapes_Algae.png,0.9999973177909851,0.8828861713409424,0.8697125315666199,0.8493664264678955,0.8493127226829529
Sea_Purslane.png,Prickly_Pear.png,Turmeric.png,Edelweiss.png,Arnica.png,Wild_Rhubarb.png,0.9242797493934631,0.8842589855194092,0.879870593547821,0.877029299736023,0.8712486624717712
Sea_Rocket.png,Water_Hemlock.png,Solomon's_Seal.png,Miner's_Lettuce.png,Anise.png,Buttercup.png,0.9173288941383362,0.9051479697227478,0.9022111892700195,0.9021658301353455,0.8902048468589783
Seagrass.png,Dulse.png,Sugar_Kelp.png,Bull_Kelp.png,Sea_Grapes_Algae.png,Coralline_Algae.png,0.961758553981781,0.9600203037261963,0.9389896392822266,0.9356510043144226,0.9288362264633179
Serviceberry.png,Hazelnut.png,Baobab.png,Gooseberry.png,Angel's_Trumpet.png,Castor_Bean.png,0.828197717666626,0.7967271208763123,0.7923959493637085,0.7804273366928101,0.7789632081985474
Sesame.png,Belladonna.png,Devil's_Claw.png,Fennel.png,Potato.png,Chamomile.png,0.8304343819618225,0.6930699944496155,0.6826407313346863,0.6822835803031921,0.6739816665649414
Solomon's_Seal.png,Oregano.png,Riverbank_Nettle.png,Sunflower.png,Anise.png,Sea_Rocket.png,0.9687666893005371,0.9101545214653015,0.9101011157035828,0.9070414900779724,0.9051479697227478
Sorghum.png,Rye.png,Wheat.png,Rice.png,Meadow_Grass.png,Oats.png,0.8029123544692993,0.8024058938026428,0.7797269225120544,0.7712991237640381,0.7587955594062805
Sorrel.png,Aloe.png,Bitterroot.png,Ginger.png,Arnica.png,African_Ginger.png,0.8163830041885376,0.8139153718948364,0.8000251650810242,0.7920600771903992,0.7896531820297241
Soursop.png,Wild_Mango.png,Pinyon_Pine.png,Willow.png,Lemon.png,Nutmeg.png,0.9393730163574219,0.9292086958885193,0.928527295589447,0.9251217842102051,0.9124626517295837
Spruce_Tips.png,Nutmeg.png,Wild_Mango.png,Baobab.png,Pinyon_Pine.png,Lemon.png,0.9387993216514587,0.9318898320198059,0.9291833639144897,0.9283862113952637,0.9270408749580383
Star_Anise.png,Mesquite.png,Yew.png,Oak.png,Guava.png,Acacia.png,0.9324921369552612,0.9299542307853699,0.9288375973701477,0.9273134469985962,0.9271008372306824
Starfruit.png,Plum.png,Breadnut.png,Marula.png,Cinnamon.png,Mesquite.png,0.9320641160011292,0.9186232089996338,0.9173399806022644,0.9133015275001526,0.9126774072647095
Steppe_Tulip.png,Echinacea.png,Mustard.png,Sea_Lavender.png,Bergamot.png,Ginseng.png,0.6579226851463318,0.6358417868614197,0.6321645379066467,0.6279194355010986,0.6244675517082214
Sugar_Kelp.png,Bull_Kelp.png,Coralline_Algae.png,Sea_Grapes_Algae.png,Seagrass.png,Wakame.png,0.980872392654419,0.9701193571090698,0.9641567468643188,0.9600203037261963,0.946735680103302
Sundew.png,Taro.png,Ice_Algae.png,Beet.png,Wild_Taro.png,Licorice_Fern.png,0.755486249923706,0.732099175453186,0.6853458285331726,0.6832343935966492,0.6818491816520691
Sunflower.png,Riverbank_Nettle.png,Cloudberry.png,Fenugreek.png,Quinoa.png,Wormwood.png,0.9803890585899353,0.9393417835235596,0.9379339814186096,0.9305179715156555,0.9187281727790833
Swamp_Mint.png,Holy_Basil.png,Peanut.png,Daisy.png,Angelica.png,Valerian.png,0.8040059208869934,0.7629579901695251,0.7255657315254211,0.7009148597717285,0.6745455265045166
Sweet_Flag.png,Wild_Chive.png,Rye.png,Rice.png,Meadow_Grass.png,Oats.png,0.8013833165168762,0.7760344743728638,0.7752941846847534,0.7538343667984009,0.7113732099533081
Sweet_Potato.png,Beach_Morning_Glory.png,Canopy_Vine.png,White_Grape.png,Wild_Melon.png,Desert_Melon.png,0.8849724531173706,0.8701128363609314,0.8537740707397461,0.7987078428268433,0.7911123037338257
Sword_Fern.png,Licorice_Fern.png,Fiddlehead_Fern.png,Hardy_Fern.png,Maidenhair_Fern.png,Cave_Fern.png,0.9884436130523682,0.9595672488212585,0.9436305165290833,0.9387459754943848,0.918938934803009
Tamarind.png,Birch_Sap.png,Apricot.png,Cashew.png,Cherry.png,Lemon.png,0.943886399269104,0.9417629241943359,0.933375358581543,0.926573634147644,0.9221433401107788
Tamarisk.png,Sage.png,Coralline_Algae.png,Red_Algae.png,Sugar_Kelp.png,Bull_Kelp.png,0.8124983310699463,0.758324921131134,0.7573298215866089,0.7553435564041138,0.7550153136253357
Taro.png,Ice_Algae.png,Wild_Taro.png,Beet.png,Licorice_Fern.png,Fiddlehead_Fern.png,0.9235073924064636,0.9109134078025818,0.8577564358711243,0.829652726650238,0.8256658911705017
Tea.png,Castor_Bean.png,Hazelnut.png,Cranberry.png,Rose_Hip.png,Chili_Pepper.png,0.769817054271698,0.7607982158660889,0.733761727809906,0.733543336391449,0.7293821573257446
Tea_Tree.png,Wild_Guava.png,Bog_Rosemary.png,Raspberry.png,Bilberry.png,Rabbitbrush.png,0.8472259044647217,0.7765125036239624,0.773378849029541,0.7618527412414551,0.7572296857833862
Thyme.png,Black-Eyed_Susan.png,Water_Mint.png,Alpine_Mint.png,Wild_Sesame.png,Miner's_Lettuce.png,0.9129920601844788,0.7960239052772522,0.7201988697052002,0.6014094948768616,0.5963398218154907
Tobacco.png,Pineapple.png,Corn.png,Licorice.png,Clover.png,Wood_Sorrel.png,0.6257337927818298,0.5972946882247925,0.5967331528663635,0.5950852036476135,0.5918071269989014
Tree_Fern_Shoots.png,Cave_Fern.png,Maidenhair_Fern.png,Hardy_Fern.png,Sword_Fern.png,Licorice_Fern.png,0.9622889161109924,0.9426468014717102,0.9341284036636353,0.8965311646461487,0.8860995769500732
Tree_Tomato.png,Fig.png,Avocado.png,Eucalyptus.png,Persimmon.png,Jackfruit.png,0.920068621635437,0.9183126091957092,0.9042278528213501,0.9038047790527344,0.9035986661911011
Turmeric.png,Prickly_Pear.png,Sea_Purslane.png,Edelweiss.png,Sea_Kale.png,Prairie_Turnip.png,0.88591068983078,0.8842589855194092,0.8463166952133179,0.8446690440177917,0.8357632160186768
Tussock_Grass.png,Saltgrass.png,Garlic.png,Papyrus.png,Pampas_Herb.png,Wild_Garlic.png,0.7500888705253601,0.713357150554657,0.7069405317306519,0.699730396270752,0.6977683901786804
Valerian.png,Sea_Fennel.png,Anise.png,Wild_Mustard.png,Milkweed.png,Nettle.png,0.9740573167800903,0.9250307679176331,0.9234879016876221,0.9022032022476196,0.8995122313499451
Vanilla_Orchid.png,Black_Pepper.png,Black_Grape.png,Passionflower.png,Water_Spinach.png,Melon.png,0.774821400642395,0.7181660532951355,0.6561967730522156,0.655356228351593,0.6401323080062866
Venus_Flytrap.png,Taro.png,Fiddlehead_Fern.png,Licorice_Fern.png,Tree_Fern_Shoots.png,Maidenhair_Fern.png,0.7203093767166138,0.7139171361923218,0.7124859094619751,0.7112864255905151,0.710141122341156
Violet.png,Scurvy_Grass.png,Arrowhead.png,Wild_Ginger.png,Alpine_Sorrel.png,Mountain_Sorrel.png,0.9525991082191467,0.9357547760009766,0.9250787496566772,0.9185962080955505,0.9172050356864929
Wakame.png,Sargassum.png,Coralline_Algae.png,Bladderwrack.png,Red_Algae.png,Giant_Kelp.png,0.9861668944358826,0.983265221118927,0.9829050302505493,0.9787302017211914,0.9779560565948486
Walnut.png,Mangrove_Leaves.png,Cacao.png,Cashew.png,Lemon.png,Spruce_Tips.png,0.9332853555679321,0.9248330593109131,0.9188229441642761,0.9127449989318848,0.911451518535614
Water_Hemlock.png,Yarrow.png,Sea_Rocket.png,Anise.png,Sea_Fennel.png,Nettle.png,0.9741970300674438,0.9173288941383362,0.9103876352310181,0.892451822757721,0.8922265768051147
Water_Lily.png,Lotus.png,Lotus_Root.png,Duckweed.png,Floating_Green_Algae.png,Maidenhair_Fern.png,0.9860437512397766,0.9690474271774292,0.8989310264587402,0.824149489402771,0.6293051242828369
Water_Mint.png,Black-Eyed_Susan.png,Thyme.png,Miner's_Lettuce.png,Anise.png,Alpine_Mint.png,0.8698028326034546,0.7960239052772522,0.7442227602005005,0.6993025541305542,0.688544750213623
Water_Spinach.png,Black_Pepper.png,Beach_Pea.png,Vanilla_Orchid.png,Passionflower.png,Sweet_Potato.png,0.7476618885993958,0.7332743406295776,0.655356228351593,0.6518678069114685,0.6436952948570251
Watercress.png,Pickerelweed.png,Mountain_Sorrel.png,Wild_Ginger.png,Sea_Kale.png,Prickly_Pear.png,0.8526746034622192,0.8471692204475403,0.8463846445083618,0.8396321535110474,0.830467164516449
Watermelon.png,Wild_Chive.png,Sweet_Flag.png,Meadow_Grass.png,Rye.png,Sorghum.png,0.6974118947982788,0.6675553917884827,0.6589459180831909,0.6446495056152344,0.6393312215805054
Wheat.png,Sorghum.png,Pampas_Herb.png,Meadow_Grass.png,Oats.png,Garlic.png,0.8024058938026428,0.8009445071220398,0.7642121315002441,0.7442855834960938,0.7277592420578003
White_Grape.png,Wild_Melon.png,Desert_Melon.png,Sweet_Potato.png,Cucumber.png,Beach_Morning_Glory.png,0.8751706480979919,0.8595989346504211,0.8537740707397461,0.8209381103515625,0.8208506107330322
Wild_Blueberry.png,Dulse.png,Sugar_Kelp.png,Seagrass.png,Bull_Kelp.png,Coralline_Algae.png,0.7783258557319641,0.7694743275642395,0.7669432163238525,0.758966863155365,0.7587254643440247
Wild_Cherry.png,Orange.png,Baobab.png,Jujube.png,Neem.png,Indian_Gooseberry.png,0.9178474545478821,0.9117040038108826,0.9012304544448853,0.9004470705986023,0.8993813395500183
Wild_Chili.png,Crowberry.png,Rabbitbrush.png,Juniper.png,Calotropis.png,Bog_Rosemary.png,0.8131002187728882,0.7921161651611328,0.7790690660476685,0.7590153813362122,0.7506207823753357
Wild_Chive.png,Rice.png,Sweet_Flag.png,Rye.png,Meadow_Grass.png,Sorghum.png,0.8074321746826172,0.8013833165168762,0.7928835153579712,0.7800804972648621,0.7567393779754639
Wild_Fig.png,Cedar.png,Oak.png,Guava.png,Yew.png,Durian.png,0.9496890902519226,0.9355151653289795,0.9302681088447571,0.9274114966392517,0.9265569448471069
Wild_Garlic.png,Garlic.png,Millet.png,Rush_Shoots.png,Wild_Rice.png,Saltgrass.png,0.811891496181488,0.780362069606781,0.7758239507675171,0.7698301076889038,0.7648517489433289
Wild_Ginger.png,Mountain_Sorrel.png,Pickerelweed.png,Arrowhead.png,Alpine_Sorrel.png,Scurvy_Grass.png,0.9777190685272217,0.9749220013618469,0.9471963047981262,0.9443585276603699,0.934495210647583
Wild_Guava.png,Tea_Tree.png,Hazelnut.png,Rose_Hip.png,Blueberry.png,Mountain_Cranberry.png,0.8472259044647217,0.8382570743560791,0.831242561340332,0.8142476081848145,0.8040354251861572
Wild_Mango.png,Pinyon_Pine.png,Soursop.png,Spruce_Tips.png,Nutmeg.png,Willow.png,0.939795732498169,0.9393730163574219,0.9318898320198059,0.9262943863868713,0.925843358039856
Wild_Melon.png,Desert_Melon.png,White_Grape.png,Cucumber.png,Grape.png,Melon.png,0.9590383172035217,0.8751706480979919,0.8590812683105469,0.8418126702308655,0.8316621780395508
Wild_Mint.png,Alpine_Mint.png,Wild_Sesame.png,Rainforest_Nettle.png,Miner's_Lettuce.png,Mustard.png,0.8596111536026001,0.7540168166160583,0.6824963688850403,0.6578425168991089,0.6572470664978027
Wild_Mustard.png,Mustard.png,Monkshood.png,Nettle.png,Buttercup.png,Ginseng.png,0.9598764181137085,0.9498701691627502,0.9463780522346497,0.9407759308815002,0.9264501929283142
Wild_Onion.png,Garlic.png,Wild_Rice.png,Oats.png,Wild_Garlic.png,Barley.png,0.7715460658073425,0.738451361656189,0.7367220520973206,0.7260517477989197,0.7220733165740967
Wild_Rhubarb.png,Prairie_Turnip.png,Clover.png,Sea_Purslane.png,Prickly_Pear.png,Sea_Kale.png,0.9025648832321167,0.874151349067688,0.8712486624717712,0.8384845852851868,0.8356040716171265
Wild_Rice.png,Barley.png,Onion.png,Wild_Garlic.png,Millet.png,Garlic.png,0.7964538335800171,0.7951123118400574,0.7698301076889038,0.7620969414710999,0.757774293422699
Wild_Rye.png,Millet.png,Barley.png,Wild_Garlic.png,Onion.png,Wild_Rice.png,0.8344151377677917,0.7650920152664185,0.7337266206741333,0.7107967138290405,0.7095463871955872
Wild_Sesame.png,Alpine_Mint.png,Wild_Mint.png,Anise.png,Valerian.png,Buttercup.png,0.8288715481758118,0.7540168166160583,0.676597535610199,0.6697476506233215,0.6669974327087402
Wild_Strawberry.png,Fiddlehead_Fern.png,Licorice_Fern.png,Taro.png,Sword_Fern.png,Rafflesia.png,0.4789845645427704,0.477807879447937,0.4762236475944519,0.4730673134326935,0.46704739332199097
Wild_Taro.png,Taro.png,Ice_Algae.png,Beet.png,Cabbage.png,Scurvy_Grass.png,0.9109134078025818,0.9090214371681213,0.8145304322242737,0.8139507174491882,0.8086971640586853
Wild_Thyme.png,Gooseberry.png,Saltbush.png,Dulse.png,Seagrass.png,Serviceberry.png,0.7530551552772522,0.7284843921661377,0.7256108522415161,0.7218945622444153,0.7186896800994873
Wild_Yam.png,Red_Grape.png,Sweet_Potato.png,Cucumber.png,Melon.png,White_Grape.png,0.7927629351615906,0.790580689907074,0.7889729738235474,0.7825528383255005,0.7451671957969666
Willow.png,Lemon.png,Guava.png,Olive.png,Soursop.png,Mesquite.png,0.9326876401901245,0.930336594581604,0.9296414256095886,0.928527295589447,0.9266796112060547
Wood_Sorrel.png,Clover.png,Prairie_Turnip.png,Sea_Kale.png,Wild_Rhubarb.png,Prickly_Pear.png,0.85316401720047,0.8356085419654846,0.8319914937019348,0.8285520672798157,0.8267356753349304
Wormwood.png,Licorice_Root.png,Amaranth.png,Riverbank_Nettle.png,Sunflower.png,Potato.png,0.9357545375823975,0.9308002591133118,0.929698646068573,0.9187281727790833,0.9142076373100281
Yarrow.png,Water_Hemlock.png,Sea_Fennel.png,Sea_Rocket.png,Wild_Mustard.png,Nettle.png,0.9741970300674438,0.8905653953552246,0.8891305923461914,0.8875485062599182,0.8865665793418884
Yerba_Mate.png,Bilberry.png,Bog_Rosemary.png,Hazelnut.png,Calotropis.png,Wild_Guava.png,0.8187754154205322,0.7681456208229065,0.762847900390625,0.7535388469696045,0.7497746348381042
Yew.png,Guava.png,Oak.png,Date_Plum.png,Durian.png,Cedar.png,0.9522338509559631,0.9515737891197205,0.941679835319519,0.9346522092819214,0.9328415393829346
Yucca.png,Ginger.png,Air_Plant.png,Agave.png,Wild_Rhubarb.png,Dandelion.png,0.7114778757095337,0.7037615776062012,0.6800544857978821,0.678752064704895,0.6642435789108276
